"Video title","Video id","Video length (minutes)","Video created","Watch time (minutes)",Views,"Average view duration","Average percentage viewed","Card clicks","Cards shown","Clicks per card shown","Card teaser clicks","Card teasers shown","Clicks per card teaser shown","End screen elements shown","End screen element clicks","Clicks per end screen element shown","Estimated partner revenue usd","Estimated partner ad revenue usd","Estimated partner adsense revenue usd","Estimated partner doubleclick revenue usd","Partner transaction revenue usd",Transactions,"Partner revenue per transaction usd","Estimated monetized playbacks","Playback based cpm usd","Ad impressions","Cpm usd","Youtube ad revenue usd","Youtube red watch time (minutes)","Youtube red views","Youtube red partner revenue usd","Youtube red watch time (hours)","Annotation clicks","Clickable annotations shown","Annotation click through rate","Annotation closes","Closable annotations shown","Annotation close rate","Annotations shown",Likes,"Likes added","Likes removed",Dislikes,"Dislikes added","Dislikes removed",Shares,Comments,"Videos in playlists","Videos added to playlists","Videos removed from playlists",Subscribers,"Subscribers gained","Subscribers lost","Watch time (hours)"
"Professor Stéphane Mallat: ""High-Dimensional Learning and Deep Neural Networks""",nHXO43BqeQw,59.57,03/31/2016,27669,3053,9.1,15.21,0,0,0,0,0,0,0,0,0,0,0,0,0,0,0,0,0,0,0,0,0,300,25,0,5,2,1702,0.12,8,27,29.63,1702,31,32,1,0,3,3,44,0,118,125,7,30,32,2,461
"Professor Luciano Floridi: ""Ethics in the Age of Information""",lLH70qkROWQ,74.78,03/31/2016,25773,2231,11.6,15.45,0,0,0,0,0,0,0,0,0,0,0,0,0,0,0,0,0,0,0,0,0,216,17,0,4,1,963,0.1,7,33,21.21,963,28,31,3,1,1,0,26,2,77,86,9,25,25,0,430
"The Role of Multi-Agent Learning in Artificial Intelligence Research at DeepMind",CvL-KV3IBcM,62.2,03/09/2017,24468,2924,8.4,13.45,0,0,0,0,0,0,0,0,0,0,0,0,0,0,0,0,0,0,0,0,0,592,55,0,10,0,12,0,0,12,0,12,39,43,4,0,1,1,42,1,113,127,14,46,46,0,408
"Professor Mark Girolami: ""Probabilistic Numerical Computation: A New Concept?""",Z3PSSJM7J9U,61.12,07/08/2016,21993,3034,7.2,11.86,0,0,0,0,0,0,0,0,0,0,0,0,0,0,0,0,0,0,0,0,0,59,12,0,1,1,1792,0.06,3,18,16.67,1792,25,25,0,0,0,0,29,2,121,132,11,39,39,0,367
"Professor Mike West: Structured Dynamic Graphical Models & Scaling Multivariate Time Series",nw9KjLBWf2o,73.77,08/01/2016,10444,1019,10.2,13.89,0,0,0,0,0,0,0,0,0,0,0,0,0,0,0,0,0,0,0,0,0,162,8,0,3,0,500,0,3,17,17.65,500,4,4,0,1,2,1,8,0,46,50,4,13,13,0,174
"The Problem of Governance in Distributed Ledger Technologies - Professor Vili Lehdonvirta, OII",eNrzE_UfkTw,25.38,11/11/2016,7830,1125,7,27.42,0,0,0,0,0,0,0,0,0,0,0,0,0,0,0,0,0,0,0,0,0,9,2,0,0,2,379,0.53,9,38,23.68,379,8,8,0,0,0,0,22,0,23,28,5,12,12,0,130
"Professor Mark Newman: ""Epidemics, Erdos numbers, and the Internet""",gPSt-xs_zWQ,55.47,04/01/2016,7714,693,11.1,20.07,0,0,0,0,0,0,0,0,0,0,0,0,0,0,0,0,0,0,0,0,0,3,2,0,0,2,363,0.55,4,14,28.57,363,10,10,0,0,0,0,10,1,40,40,0,8,8,0,129
"Turing Lecture: Smarter Cities - 2pm",L-QzV_SE_Nw,193.52,11/22/2016,7098,171,41.5,21.45,0,0,0,0,0,0,0,0,0,0,0,0,0,0,0,0,0,0,0,0,0,0,0,0,0,0,130,0,0,0,0,130,6,6,0,0,0,0,3,0,1,1,0,1,1,0,118
"Professor Mihaela van der Schaar, Oxford University",UyJvV0cxKmA,28.3,10/24/2016,6901,1421,4.9,17.16,0,0,0,0,0,0,0,0,0,0,0,0,0,0,0,0,0,0,0,0,0,64,13,0,1,0,270,0,10,27,37.04,270,10,10,0,0,0,0,9,0,11,11,0,7,7,0,115
"Professor Gareth Roberts: ""New challenges in Computational Statistics""",uqRYfAX_2z0,63.82,03/30/2016,6535,756,8.6,13.55,0,0,0,0,0,0,0,0,0,0,0,0,0,0,0,0,0,0,0,0,0,4,3,0,0,0,490,0,0,2,0,490,4,4,0,0,0,0,9,0,34,37,3,11,11,0,109
"Turing Lecture: Professor Jon Crowcroft, Cambridge University",UIH0Km4MnkU,58.53,11/04/2016,6478,866,7.5,12.78,0,0,0,0,0,0,0,0,0,0,0,0,0,0,0,0,0,0,0,0,0,94,6,0,2,0,422,0,6,23,26.09,422,5,6,1,0,0,0,8,3,16,19,3,6,6,0,108
"Professor Helen Margetts: ""The Data Science of Politics""",LH3vvA7PL1U,62.08,03/31/2016,6397,778,8.2,13.24,0,0,0,0,0,0,0,0,0,0,0,0,0,0,0,0,0,0,0,0,0,13,3,0,0,1,376,0.27,2,12,16.67,376,4,4,0,0,0,0,6,0,49,50,1,6,6,0,107
"Professor Peter O’Hearn: ""Reasoning with Big Code""",lcVx3g3SmmY,53.25,05/03/2016,5930,753,7.9,14.79,0,0,0,0,0,0,0,0,0,0,0,0,0,0,0,0,0,0,0,0,0,96,10,0,2,0,365,0,0,4,0,365,4,4,0,0,0,0,12,0,39,43,4,10,10,0,99
"Professor Zoubin Ghahramani, Cambridge University",qGvB0qno9OY,164.2,10/24/2016,5922,749,7.9,4.82,0,0,0,0,0,0,0,0,0,0,0,0,0,0,0,0,0,0,0,0,0,3,4,0,0,0,219,0,6,21,28.57,219,10,10,0,0,0,0,12,1,41,42,1,10,10,0,99
"Turing Lecture: Stats, Decision Making and Privacy",op8nMaD3lBY,184.7,12/01/2016,5442,181,30.1,16.28,0,0,0,0,0,0,0,0,0,0,0,0,0,0,0,0,0,0,0,0,0,0,0,0,0,0,0,0,0,0,0,0,2,2,0,0,0,0,1,0,1,2,1,1,1,0,91
"Turing Lecture: Data Science for Medicine",pp81ZiH8QtA,94.78,05/04/2017,5054,366,13.8,14.57,0,0,0,0,0,0,0,0,0,0,0,0,0,0,0,0,0,0,0,0,0,0,0,0,0,0,4,0,1,4,25,4,7,9,2,0,0,0,4,0,7,7,0,0,0,0,84
"Turing Lecture: Data Science, National Security and Systems Challenges - 2pm",5Vllceg838I,240.82,11/01/2016,4972,127,39.1,16.26,0,0,0,0,0,0,0,0,0,0,0,0,0,0,0,0,0,0,0,0,0,0,0,0,0,0,77,0,0,0,0,77,4,4,0,0,0,0,1,0,5,5,0,1,1,0,83
"Centrally Banked Cryptocurrencies - Dr Sarah Meiklejohn, UCL",y8D8CBvs6iY,32.62,11/11/2016,4725,1735,2.7,8.35,0,0,0,0,0,0,0,0,0,0,0,0,0,0,0,0,0,0,0,0,0,61,50,0,1,0,88,0,0,12,0,88,1,2,1,56,59,3,4,17,10,14,4,3,3,0,79
"What is data science?",OJy2h9mgiX8,2.83,12/02/2016,4442,2685,1.7,58.38,0,0,0,0,0,0,0,0,0,0,0,0,0,0,0,0,0,0,0,0,0,13,9,0,0,1,125,0.8,14,49,28.57,125,25,25,0,0,0,0,35,1,25,32,7,6,6,0,74
"Turing Lecture: Artificial Intelligence and Public Services",gX9Yt4-bvHs,186.13,12/13/2016,4401,146,30.1,16.2,0,0,0,0,0,0,0,0,0,0,0,0,0,0,0,0,0,0,0,0,0,0,0,0,0,0,0,0,0,0,0,0,1,1,0,0,0,0,8,0,1,2,1,0,0,0,73
"Ralf Herbrich: ""Learning Real-World Probabilistic Models with Approximate Message Passing""",VYJvIPqV9Og,53.5,04/18/2016,4153,616,6.7,12.6,0,0,0,0,0,0,0,0,0,0,0,0,0,0,0,0,0,0,0,0,0,17,3,0,0,0,376,0,2,5,40,376,2,2,0,0,0,0,5,0,53,56,3,7,7,0,69
"Doctoral Masterclass, Statistical Methodology and Theory : Professor Richard Samworth, Cambridge",5m3djtMGyHs,141.02,11/10/2016,3998,520,7.7,5.45,0,0,0,0,0,0,0,0,0,0,0,0,0,0,0,0,0,0,0,0,0,86,4,0,1,1,136,0.74,5,21,23.81,136,7,7,0,0,0,0,1,0,9,9,0,4,4,0,67
"Turing Lecture: Professor Anthony Finkelstein, Chief Scientific Adviser for National Security",b2J93oxmVfg,68.37,11/04/2016,3319,367,9,13.23,0,0,0,0,0,0,0,0,0,0,0,0,0,0,0,0,0,0,0,0,0,0,1,0,0,0,148,0,2,16,12.5,148,0,0,0,0,0,0,2,0,6,9,3,4,4,0,55
"Doctoral Masterclasses LIVE: 11:30am - 12:30pm & 13:30pm - 16:30pm",COUFveUeVSs,325.2,10/13/2016,2946,128,23,7.08,0,0,0,0,0,0,0,0,0,0,0,0,0,0,0,0,0,0,0,0,0,0,0,0,0,1,96,1.04,0,0,0,96,2,2,0,0,0,0,0,0,3,4,1,0,0,0,49
"'Why start a startup?' - Matt Clifford, Entrepreneur First",n0wHJW8Z91k,157.65,10/26/2016,2871,164,17.5,11.11,0,0,0,0,0,0,0,0,0,0,0,0,0,0,0,0,0,0,0,0,0,0,0,0,0,0,97,0,1,10,10,97,1,1,0,0,0,0,2,0,8,9,1,2,2,0,48
"Turing Lecture: Sir Mark Walport, Artificial Intelligence and Public Services",o7BJEqyrDm4,74.68,02/01/2017,2711,285,9.5,12.74,0,0,0,0,0,0,0,0,0,0,0,0,0,0,0,0,0,0,0,0,0,2,1,0,0,0,0,0,0,0,0,0,1,2,1,1,1,0,18,0,13,13,0,3,3,0,45
"Targeting crimes and criminals through data, Dr Rick Adderley",XHxWAspGCyQ,88.02,01/04/2017,2594,210,12.4,14.03,0,0,0,0,0,0,0,0,0,0,0,0,0,0,0,0,0,0,0,0,0,202,10,0,3,0,3,0,0,3,0,3,0,0,0,0,0,0,3,0,13,16,3,0,0,0,43
"Professor Andrea Bertozzi: ""Geometric Graph-Based Methods for High Dimensional Data""",MsMe1G3UbMI,64.75,07/14/2016,2588,373,6.9,10.71,0,0,0,0,0,0,0,0,0,0,0,0,0,0,0,0,0,0,0,0,0,3,1,0,0,1,205,0.49,0,6,0,205,1,1,0,0,0,0,10,0,38,40,2,8,8,0,43
"Doctoral Masterclass: Tools and Techniques – Version control with Git",YNOxyqLkimE,61.1,11/11/2016,2454,340,7.2,11.81,0,0,0,0,0,0,0,0,0,0,0,0,0,0,0,0,0,0,0,0,0,77,2,0,1,0,150,0,5,24,20.83,150,3,4,1,0,0,0,0,1,12,13,1,0,0,0,41
"RESUMES @ 2PM - Masterclass: Probabilistic Programming",FCtuWb5V9-s,243.43,05/05/2017,2309,177,13,5.36,0,0,0,0,0,0,0,0,0,0,0,0,0,0,0,0,0,0,0,0,0,4,2,0,0,0,0,0,0,0,0,0,6,6,0,0,0,0,2,0,14,14,0,0,0,0,38
"Turing Lecture: Chief Scientific Advisor for the Department of Transport, Phil Blythe",anEs-VKDqIs,78.38,12/01/2016,2245,220,10.2,13.02,0,0,0,0,0,0,0,0,0,0,0,0,0,0,0,0,0,0,0,0,0,0,0,0,0,0,19,0,1,7,14.29,19,1,1,0,0,0,0,3,0,7,7,0,0,0,0,37
"Doctoral Masterclass - Privacy - Professor George Danezis",VltNcmGvEVo,85.45,12/13/2016,2216,252,8.8,10.29,0,0,0,0,0,0,0,0,0,0,0,0,0,0,0,0,0,0,0,0,0,14,2,0,0,0,3,0,0,3,0,3,2,2,0,0,0,0,7,0,8,8,0,0,0,0,37
"The Turing Lectures: Mathematics",X0b0Kb906ts,123.02,03/18/2016,2041,336,6.1,4.94,0,0,0,0,0,0,0,0,0,0,0,0,0,0,0,0,0,0,0,0,0,0,1,0,0,0,250,0,0,0,0,250,6,6,0,0,0,0,10,0,8,12,4,14,14,0,34
"Professor Bin Yu: ""Unveiling the Mysteries in Spatial Gene Expression""",lVvTXARkyws,67.73,03/30/2016,1973,330,6,8.83,0,0,0,0,0,0,0,0,0,0,0,0,0,0,0,0,0,0,0,0,0,0,0,0,0,0,209,0,1,4,25,209,0,0,0,0,0,0,2,0,30,30,0,2,2,0,33
"Turing Lecture: Smarter Cities - Sir Alan Wilson, Turing CEO",y7ehrXZfIS0,54.03,12/01/2016,1959,432,4.5,8.39,0,0,0,0,0,0,0,0,0,0,0,0,0,0,0,0,0,0,0,0,0,4,2,0,0,0,22,0,0,13,0,22,0,0,0,0,0,0,1,0,7,7,0,7,7,0,33
"Fellow Short Talks: Dr Tomas Petricek, The Alan Turing Institute",aHjgpmzFjOA,25.88,12/15/2016,1918,414,4.6,17.9,0,0,0,0,0,0,0,0,0,0,0,0,0,0,0,0,0,0,0,0,0,14,5,0,0,0,6,0,3,6,50,6,4,4,0,0,0,0,4,0,13,17,4,3,3,0,32
"Professor Dame Julia Slingo: ""Big Data, Met Office and 21st Century Problems""",twTV8uwYIes,72.93,10/21/2016,1886,292,6.5,8.85,0,0,0,0,0,0,0,0,0,0,0,0,0,0,0,0,0,0,0,0,0,1,1,0,0,0,180,0,2,13,15.38,180,2,2,0,0,0,0,9,0,5,7,2,1,1,0,31
"Turing Lecture: John Pullinger, Mobilising the power of data to help Britain make better decisions",tFepMmoH9ng,76.27,12/15/2016,1880,194,9.7,12.71,0,0,0,0,0,0,0,0,0,0,0,0,0,0,0,0,0,0,0,0,0,0,0,0,0,0,0,0,0,0,0,0,0,0,0,0,0,0,1,1,4,4,0,3,3,0,31
"LIVE: 1:30pm - 4:30pm BST - The Alan Turing Institute - Doctoral Masterclass Programme",YauES7k73xs,205.17,10/10/2016,1852,103,18,8.76,0,0,0,0,0,0,0,0,0,0,0,0,0,0,0,0,0,0,0,0,0,0,0,0,0,0,78,0,0,0,0,78,4,4,0,0,0,0,2,0,0,0,0,0,0,0,31
"Turing Lecture: Dr Cynthia Dwork, Privacy-Preserving Data Analysis",vsA4w3itxA0,50.53,12/07/2016,1832,158,11.6,22.94,0,0,0,0,0,0,0,0,0,0,0,0,0,0,0,0,0,0,0,0,0,1,1,0,0,0,4,0,2,4,50,4,1,1,0,0,0,0,0,0,13,14,1,1,1,0,31
"Professor Brad Karp: ""Safeguarding Users’ Sensitive Data in the Cloud and the Browser""",vws4xF6gXmU,53.88,05/03/2016,1823,382,4.8,8.86,0,0,0,0,0,0,0,0,0,0,0,0,0,0,0,0,0,0,0,0,0,2,5,0,0,0,306,0,0,3,0,306,1,1,0,0,0,0,6,0,27,27,0,2,2,0,30
"Masterclass: Time Series Modelling and State Space Models",CN3D6zIMWWs,95.48,03/24/2017,1740,284,6.1,6.42,0,0,0,0,0,0,0,0,0,0,0,0,0,0,0,0,0,0,0,0,0,2,4,0,0,0,3,0,2,3,66.67,3,6,6,0,0,0,0,5,0,20,20,0,2,2,0,29
"Doctoral Masterclass: Visualization and Visual Analytics",UPlB_SeysZE,201.18,11/21/2016,1728,92,18.8,9.34,0,0,0,0,0,0,0,0,0,0,0,0,0,0,0,0,0,0,0,0,0,0,0,0,0,0,76,0,0,0,0,76,0,0,0,0,0,0,0,0,0,0,0,0,0,0,29
"Magic Pony Technology: Artificial Intelligence, Neural Networks and Image Processing",MfPLSqeqXZg,105.35,03/07/2017,1723,140,12.3,11.68,0,0,0,0,0,0,0,0,0,0,0,0,0,0,0,0,0,0,0,0,0,0,0,0,0,0,0,0,0,0,0,0,2,2,0,0,0,0,2,0,3,3,0,0,0,0,29
"Doctoral Masterclass: Gavin Meggs, Sky UK",hrTNYKGzPOw,102.1,11/08/2016,1625,159,10.2,10.01,0,0,0,0,0,0,0,0,0,0,0,0,0,0,0,0,0,0,0,0,0,0,0,0,0,0,49,0,1,5,20,49,0,0,0,0,0,0,3,0,7,9,2,1,1,0,27
"Doctoral Masterclass, Statistical Methodology and Theory : Professor Richard Samworth, Cambridge",H2QE5MgvNQI,173.52,11/07/2016,1315,76,17.3,9.98,0,0,0,0,0,0,0,0,0,0,0,0,0,0,0,0,0,0,0,0,0,0,0,0,0,0,47,0,0,1,0,47,0,0,0,0,0,0,0,0,1,2,1,0,0,0,22
"Fellow Short Talks: Professor Andrew Blake, Alan Turing Institute Director",GnLU1sZLQR4,26.95,12/02/2016,1298,381,3.4,12.64,0,0,0,0,0,0,0,0,0,0,0,0,0,0,0,0,0,0,0,0,0,0,0,0,0,0,4,0,0,4,0,4,0,0,0,0,0,0,0,0,3,3,0,2,2,0,22
"Fellow Short Talks: Professor Zoubin Ghahramani, University of Cambridge",O3dnYsGVgQU,27.97,11/30/2016,1291,217,5.9,21.27,0,0,0,0,0,0,0,0,0,0,0,0,0,0,0,0,0,0,0,0,0,31,5,0,1,0,0,0,0,0,0,0,3,3,0,0,0,0,1,0,11,12,1,1,1,0,22
"Tim Harris: ""Systems Challenges in Graph Analytics""",f1cNkUkOsto,63.43,04/18/2016,1264,226,5.6,8.82,0,0,0,0,0,0,0,0,0,0,0,0,0,0,0,0,0,0,0,0,0,0,0,0,0,0,155,0,0,1,0,155,0,0,0,0,0,0,1,0,26,26,0,2,2,0,21
"Dr Bernie Hogan, Oxford University",i__0cG4ijrI,70.03,10/24/2016,1233,501,2.5,3.51,0,0,0,0,0,0,0,0,0,0,0,0,0,0,0,0,0,0,0,0,0,2,2,0,0,0,155,0,1,23,4.35,155,1,1,0,0,0,0,2,0,9,10,1,0,0,0,21
"LIVE AT 11am GMT - Beating Humans in Cognition: A Case for Microsoft Academic",5_9zDe8twC8,82.97,04/24/2017,1184,73,16.2,19.55,0,0,0,0,0,0,0,0,0,0,0,0,0,0,0,0,0,0,0,0,0,1,1,0,0,0,0,0,0,0,0,0,2,3,1,0,0,0,3,0,3,3,0,0,0,0,20
"Fellow Short Talks: Sir Alan Wilson (UCL, CEO The Alan Turing Institute)",PE1auw5oLG8,30.55,10/12/2016,1092,341,3.2,10.48,0,0,0,0,0,0,0,0,0,0,0,0,0,0,0,0,0,0,0,0,0,0,0,0,0,0,178,0,1,11,9.09,178,0,0,0,0,0,0,1,0,24,24,0,1,1,0,18
"Doctoral Masterclass: Tools for Big Data, Dr Richard Gibbens",AUEs7ppw2YQ,186.18,12/08/2016,1076,56,19.2,10.32,0,0,0,0,0,0,0,0,0,0,0,0,0,0,0,0,0,0,0,0,0,0,0,0,0,0,0,0,0,0,0,0,3,3,0,0,0,0,0,0,0,0,0,0,0,0,18
"The Alan Turing Institute - Fellow Short Talk 6.10.16",Ff64XKl_kLA,92.37,10/06/2016,1060,45,23.6,25.51,0,0,0,0,0,0,0,0,0,0,0,0,0,0,0,0,0,0,0,0,0,0,0,0,0,0,34,0,0,0,0,34,1,1,0,0,0,0,1,0,0,1,1,0,0,0,18
"Celebrating getting started",Cy_2wZJrgfw,2.48,11/18/2016,1055,779,1.4,54.51,0,0,0,0,0,0,0,0,0,0,0,0,0,0,0,0,0,0,0,0,0,0,0,0,0,1,439,0.23,4,53,7.55,439,1,1,0,0,0,0,6,0,3,3,0,2,2,0,18
"Fellow Short Talks: Dr Peter Richtarik, Edinburgh University",RbkhWrTbrKs,30.98,10/19/2016,1051,264,4,12.85,0,0,0,0,0,0,0,0,0,0,0,0,0,0,0,0,0,0,0,0,0,0,0,0,0,1,129,0.78,3,10,30,129,1,1,0,0,0,0,1,0,4,4,0,1,1,0,18
"Fellow Short Talks: Professor Chris Williams (University of Edinburgh)",xfR0DJilrFg,30.55,10/12/2016,1035,244,4.2,13.89,0,0,0,0,0,0,0,0,0,0,0,0,0,0,0,0,0,0,0,0,0,0,0,0,0,0,109,0,1,15,6.67,109,0,0,0,1,1,0,1,0,14,16,2,0,0,0,17
"Fellow Short Talks: Dr Taha Yasseri, Oxford University",0KYosqdv0uc,27.32,10/21/2016,1007,222,4.5,16.61,0,0,0,0,0,0,0,0,0,0,0,0,0,0,0,0,0,0,0,0,0,0,0,0,0,0,93,0,1,2,50,93,0,0,0,0,0,0,2,0,4,5,1,0,0,0,17
"Dr Vidit Nanda, University of Oxford",JqajfI4-WnM,19.45,03/22/2017,971,249,3.9,20.04,0,0,0,0,0,0,0,0,0,0,0,0,0,0,0,0,0,0,0,0,0,41,6,0,1,0,1,0,1,1,100,1,0,0,0,0,0,0,2,0,4,4,0,0,0,0,16
"Doctoral Masterclass: Social Data Science - Suzy Moat and Tobias Preis",7QwQgVJGFPg,140.68,12/08/2016,948,123,7.7,5.48,0,0,0,0,0,0,0,0,0,0,0,0,0,0,0,0,0,0,0,0,0,0,0,0,0,0,2,0,1,2,50,2,1,1,0,0,0,0,4,1,5,5,0,0,0,0,16
"LIVE:  The Alan Turing Institute - Fellow Short Talks 11.10.16",9JOPMu-ykfo,3.42,10/10/2016,919,88,10.4,305.58,0,0,0,0,0,0,0,0,0,0,0,0,0,0,0,0,0,0,0,0,0,0,0,0,0,0,65,0,0,0,0,65,1,1,0,0,0,0,0,0,0,0,0,0,0,0,15
"Algorithms for Data Science - EVENT LIVE @ 10:30am - 17:00pm GMT",3AUzOwWP2EQ,198.25,03/17/2017,902,100,9,4.55,0,0,0,0,0,0,0,0,0,0,0,0,0,0,0,0,0,0,0,0,0,2,2,0,0,0,0,0,0,0,0,0,1,1,0,0,0,0,2,0,4,4,0,0,0,0,15
"Masterclass: Monte Carlo Methods",HEze9ffcpF8,165.58,04/13/2017,887,84,10.6,6.38,0,0,0,0,0,0,0,0,0,0,0,0,0,0,0,0,0,0,0,0,0,2,1,0,0,0,0,0,0,0,0,0,2,2,0,0,0,0,1,0,6,7,1,0,0,0,15
"Masterclass: Time Series Modelling and State Space Models",eAx112kt9ZQ,111.85,02/16/2017,886,107,8.3,7.41,0,0,0,0,0,0,0,0,0,0,0,0,0,0,0,0,0,0,0,0,0,0,0,0,0,0,0,0,0,0,0,0,0,1,1,1,1,0,0,0,7,8,1,0,0,0,15
"Data Science Applications: Urban data science - Professor Cecilia Mascolo",eNpdvzORWVc,47.35,12/12/2016,883,174,5.1,10.72,0,0,0,0,0,0,0,0,0,0,0,0,0,0,0,0,0,0,0,0,0,1,1,0,0,0,1,0,0,1,0,1,6,6,0,0,0,0,0,2,8,9,1,2,2,0,15
"Generational Random Graphs – a “Natural” Model for Heterogeneous Temporal Networks?",iMkFJkf8gJU,60.8,04/07/2017,873,66,13.2,21.75,0,0,0,0,0,0,0,0,0,0,0,0,0,0,0,0,0,0,0,0,0,1,1,0,0,0,0,0,0,0,0,0,1,1,0,0,0,0,2,0,0,0,0,0,0,0,15
"Society of Data Miners Practitioner Seminar - Targeting crimes and criminals through data - Richard",M4UB3YQvMw0,123.15,12/01/2016,825,40,20.6,16.75,0,0,0,0,0,0,0,0,0,0,0,0,0,0,0,0,0,0,0,0,0,0,0,0,0,0,31,0,0,0,0,31,0,0,0,0,0,0,6,0,0,0,0,0,0,0,14
"Tools and Techniques - Data science with R - Dr James Geddes",LSTq6A5-q0E,49.8,12/07/2016,805,121,6.7,13.36,0,0,0,0,0,0,0,0,0,0,0,0,0,0,0,0,0,0,0,0,0,0,1,0,0,0,5,0,1,5,20,5,0,0,0,0,0,0,1,0,6,6,0,0,0,0,13
"Fellow Short Talks: Dr Tobias Preis (University of Warwick)",siJM5pVkxIk,29.18,10/12/2016,804,436,1.8,6.32,0,0,0,0,0,0,0,0,0,0,0,0,0,0,0,0,0,0,0,0,0,0,1,0,0,5,374,1.34,1,23,4.35,374,5,5,0,0,0,0,2,0,20,20,0,1,1,0,13
"Fellow Short Talks LIVE: 11:10am - 12:40pm",5D5-cG6Mb2k,124.1,10/17/2016,766,55,13.9,11.22,0,0,0,0,0,0,0,0,0,0,0,0,0,0,0,0,0,0,0,0,0,0,0,0,0,0,46,0,0,1,0,46,1,1,0,0,0,0,0,0,3,3,0,0,0,0,13
"Exploring Novel Opportunities for Data Science In Cardiovascular Research",eAhSEaBRp2k,127.03,03/28/2017,757,81,9.3,7.35,0,0,0,0,0,0,0,0,0,0,0,0,0,0,0,0,0,0,0,0,0,0,0,0,0,0,0,0,0,0,0,0,0,0,0,0,0,0,2,0,3,4,1,0,0,0,13
"Fellow Short Talks: 17/11/2016 - 11:30 - 12:30",Ida6okAe93U,221.68,11/15/2016,740,43,17.2,7.76,0,0,0,0,0,0,0,0,0,0,0,0,0,0,0,0,0,0,0,0,0,0,0,0,0,0,30,0,0,0,0,30,0,0,0,0,0,0,0,0,0,0,0,0,0,0,12
"From Big Data to Right Data - Dr Lior Horesh, IBM",W4LtKqCmUnk,54.68,03/29/2017,726,161,4.5,8.25,0,0,0,0,0,0,0,0,0,0,0,0,0,0,0,0,0,0,0,0,0,2,1,0,0,0,0,0,0,0,0,0,2,2,0,0,0,0,3,0,8,9,1,1,1,0,12
"Doctoral Masterclass: Social Data Science",aJVGe_93KdQ,178.98,11/14/2016,710,46,15.4,8.62,0,0,0,0,0,0,0,0,0,0,0,0,0,0,0,0,0,0,0,0,0,0,0,0,0,0,31,0,0,0,0,31,0,0,0,0,0,0,0,0,1,1,0,0,0,0,12
"Fellow Short Talks: Professor Richard Samworth, Cambridge University",RJk8Jd9N1Ho,32.7,12/02/2016,702,155,4.5,13.85,0,0,0,0,0,0,0,0,0,0,0,0,0,0,0,0,0,0,0,0,0,0,0,0,0,0,2,0,1,2,50,2,2,2,0,0,0,0,2,0,1,1,0,1,1,0,12
"Dr Dong Nguyen, University of Edinburgh"," -G09F856lU4",22.7,02/01/2017,700,354,2,8.71,0,0,0,0,0,0,0,0,0,0,0,0,0,0,0,0,0,0,0,0,0,1,4,0,0,0,1,0,0,1,0,1,4,4,0,0,0,0,0,0,5,5,0,4,4,0,12
"Brooks Paige - University of Oxford",Jvmf46Rq3n4,26.2,04/24/2017,697,109,6.4,24.4,0,0,0,0,0,0,0,0,0,0,0,0,0,0,0,0,0,0,0,0,0,20,2,0,0,0,4,0,1,4,25,4,2,3,1,0,0,0,2,0,18,20,2,0,0,0,12
"Professor Stephen Roberts, University of Oxford",OjSMc9qKEaY,25.67,03/14/2017,693,150,4.6,18,0,0,0,0,0,0,0,0,0,0,0,0,0,0,0,0,0,0,0,0,0,23,4,0,0,0,0,0,0,0,0,0,1,1,0,0,0,0,0,0,8,8,0,0,0,0,12
"Fellow Short Talks: Dr Sandra Wachter (The Alan Turing Institute)",ooc4o2Fu8Tk,20.57,10/12/2016,692,239,2.9,14.07,0,0,0,0,0,0,0,0,0,0,0,0,0,0,0,0,0,0,0,0,0,10,2,0,0,0,90,0,1,6,16.67,90,3,3,0,0,0,0,5,0,16,16,0,1,1,0,12
"Doctoral Masterclass: Data Science Applications, Environment/Ecology - Professor Ruth King",HkLgdCGplkg,64.22,12/16/2016,666,147,4.5,7.06,0,0,0,0,0,0,0,0,0,0,0,0,0,0,0,0,0,0,0,0,0,0,1,0,0,0,0,0,0,0,0,0,0,0,0,0,0,0,0,1,8,10,2,0,0,0,11
"Dr Anthony Lee, University of Warwick",iS_6vCNSuP8,21.18,03/15/2017,655,177,3.7,17.46,0,0,0,0,0,0,0,0,0,0,0,0,0,0,0,0,0,0,0,0,0,0,0,0,0,0,2,0,0,2,0,2,1,1,0,0,0,0,2,0,5,6,1,0,0,0,11
"Fellow Short Talks: 24 January 2017",0MGk9pgbpWQ,101.8,01/24/2017,634,37,17.1,16.84,0,0,0,0,0,0,0,0,0,0,0,0,0,0,0,0,0,0,0,0,0,0,0,0,0,0,0,0,0,0,0,0,0,0,0,0,0,0,0,0,0,0,0,0,0,0,11
"Society of Data Miners at The Alan Turing Institute - 11:15am",CVbjmNElYAQ,125.7,11/03/2016,630,37,17,13.56,0,0,0,0,0,0,0,0,0,0,0,0,0,0,0,0,0,0,0,0,0,0,0,0,0,0,32,0,0,0,0,32,1,1,0,0,0,0,0,0,0,0,0,0,0,0,11
"Fellow Short Talks: Dr Suzy Moat, Warwick University",eqFtJAZ-BQQ,24.12,12/02/2016,630,143,4.4,18.26,0,0,0,0,0,0,0,0,0,0,0,0,0,0,0,0,0,0,0,0,0,0,0,0,0,0,3,0,0,3,0,3,0,0,0,0,0,0,0,0,6,6,0,0,0,0,10
"Tools and Techniques: The command line and text editors - Dr James Geddes",Bd42tmCQFN4,57.77,12/07/2016,629,84,7.5,12.96,0,0,0,0,0,0,0,0,0,0,0,0,0,0,0,0,0,0,0,0,0,0,0,0,0,0,0,0,0,0,0,0,2,2,0,0,0,0,0,0,4,4,0,0,0,0,10
"Dr Franz Kiraly, UCL",BQg-aG8J2DU,29.03,02/01/2017,628,135,4.6,16.01,0,0,0,0,0,0,0,0,0,0,0,0,0,0,0,0,0,0,0,0,0,0,1,0,0,0,1,0,1,1,100,1,2,3,1,0,0,0,4,1,3,3,0,1,1,0,10
"Fellow Short Talks: November 10 2016, 11am-12pm",xvy0F_QCSAg,98.4,11/08/2016,615,45,13.7,13.89,0,0,0,0,0,0,0,0,0,0,0,0,0,0,0,0,0,0,0,0,0,0,0,0,0,0,35,0,0,0,0,35,1,1,0,0,0,0,0,0,0,0,0,0,0,0,10
"Doctoral Masterclass - 1pm, 31.10.2016"," -dFxNRLVlBQ",203.23,10/31/2016,603,52,11.6,5.71,0,0,0,0,0,0,0,0,0,0,0,0,0,0,0,0,0,0,0,0,0,0,0,0,0,0,42,0,0,1,0,42,0,0,0,0,0,0,0,0,0,1,1,0,0,0,10
"City Analytics",OQVMpHRojdw,130.13,02/24/2017,568,115,4.9,3.79,0,0,0,0,0,0,0,0,0,0,0,0,0,0,0,0,0,0,0,0,0,0,0,0,0,0,1,0,0,1,0,1,3,3,0,0,0,0,4,2,9,9,0,2,2,0,9
"Doctoral Masterclass: Optimisation - Professor Coralia Cartis",DExRRlqw_pw,113.38,12/08/2016,557,142,3.9,3.46,0,0,0,0,0,0,0,0,0,0,0,0,0,0,0,0,0,0,0,0,0,0,0,0,0,0,0,0,0,0,0,0,4,4,0,0,0,0,1,1,8,8,0,0,0,0,9
"Doctoral Masterclass: Tools for Big Data - Dr Richard Gibbens, University of Cambridge",7Wb2o8ZA8Gg,149.55,12/16/2016,539,148,3.6,2.44,0,0,0,0,0,0,0,0,0,0,0,0,0,0,0,0,0,0,0,0,0,2,3,0,0,0,0,0,0,0,0,0,0,0,0,0,0,0,0,1,10,11,1,0,0,0,9
"LIVE @ 3PM - Towards Human Behavior Modelling from Mobile Data",nKARrrA8AR8,84.97,03/28/2017,533,65,8.2,9.65,0,0,0,0,0,0,0,0,0,0,0,0,0,0,0,0,0,0,0,0,0,0,1,0,0,0,0,0,0,0,0,0,0,0,0,0,0,0,0,0,3,3,0,0,0,0,9
"Fellow Short Talks: Dr Ioanna Manolopoulou (UCL)",TTD-Cdn166M,30.32,10/12/2016,529,191,2.8,9.13,0,0,0,0,0,0,0,0,0,0,0,0,0,0,0,0,0,0,0,0,0,0,0,0,0,0,65,0,1,5,20,65,0,0,0,0,0,0,1,0,16,16,0,2,2,0,9
"Fellow Short Talks: Professor Jim Smith, Warwick University",xQSu1vQiwFM,29.63,10/21/2016,507,155,3.3,11.03,0,0,0,0,0,0,0,0,0,0,0,0,0,0,0,0,0,0,0,0,0,0,0,0,0,0,75,0,0,7,0,75,0,0,0,0,0,0,1,0,3,3,0,0,0,0,8
"Jeremy Reizenstein, University of Warwick",otbVUMyB1XM,26.47,02/27/2017,504,167,3,11.4,0,0,0,0,0,0,0,0,0,0,0,0,0,0,0,0,0,0,0,0,0,0,0,0,0,0,0,0,0,0,0,0,5,5,0,0,0,0,1,0,2,2,0,0,0,0,8
"Short Talks- 7.3.2017",rDjdec-B_XU,97.45,03/03/2017,496,31,16,16.4,0,0,0,0,0,0,0,0,0,0,0,0,0,0,0,0,0,0,0,0,0,0,0,0,0,0,0,0,0,0,0,0,0,0,0,0,0,0,1,0,1,1,0,1,1,0,8
"In How Many Ways Can an Algorithm be Fair? - Suchana Seth",W8eWYkrfUuQ,37.62,04/18/2017,479,97,4.9,13.14,0,0,0,0,0,0,0,0,0,0,0,0,0,0,0,0,0,0,0,0,0,30,3,0,0,0,0,0,0,0,0,0,1,2,1,1,3,2,3,0,5,5,0,1,1,0,8
"Short Talks - 16.2.17",VRvebNlb6TY,62.5,02/14/2017,441,90,4.9,7.83,0,0,0,0,0,0,0,0,0,0,0,0,0,0,0,0,0,0,0,0,0,0,0,0,0,0,0,0,0,0,0,0,1,1,0,0,0,0,0,0,2,2,0,0,0,0,7
"City Analytics - Professor Peter Grindrod CBE",xAhzQQ5Hc0A,39.5,02/27/2017,422,78,5.4,13.68,0,0,0,0,0,0,0,0,0,0,0,0,0,0,0,0,0,0,0,0,0,0,0,0,0,0,1,0,0,1,0,1,0,0,0,0,0,0,2,0,3,3,0,0,0,0,7
"Short Talks - 14.2.17",hPv4iU6VYRE,82.25,02/09/2017,421,65,6.5,7.87,0,0,0,0,0,0,0,0,0,0,0,0,0,0,0,0,0,0,0,0,0,5,1,0,0,0,0,0,0,0,0,0,2,2,0,0,0,0,1,0,0,1,1,0,0,0,7
"Fellow Short Talks LIVE: 11am - 12:30pm - 13/10/2016",HjQHeBBrbR4,106.6,10/13/2016,415,24,17.3,16.23,0,0,0,0,0,0,0,0,0,0,0,0,0,0,0,0,0,0,0,0,0,0,0,0,0,0,22,0,0,0,0,22,1,1,0,0,0,0,0,0,0,0,0,0,0,0,7
"Fellow Short Talks: Professor Ruth King, University of Edinburgh",3CvMggV6Ryk,28.48,01/25/2017,411,133,3.1,10.85,0,0,0,0,0,0,0,0,0,0,0,0,0,0,0,0,0,0,0,0,0,0,1,0,0,0,1,0,0,1,0,1,1,1,0,0,0,0,0,0,7,7,0,0,0,0,7
"Fellow Short Talks: 22/11/2016 (11am - 12pm)",_mLDJ7rgw0c,61.58,11/21/2016,411,39,10.5,17.1,0,0,0,0,0,0,0,0,0,0,0,0,0,0,0,0,0,0,0,0,0,0,0,0,0,0,29,0,0,1,0,29,0,0,0,0,0,0,0,0,0,0,0,0,0,0,7
"Fellow Short Talks: Dr Carola-Bibiane Schönlieb, Cambridge University",38rbYmxgIFc,28.22,11/11/2016,409,117,3.5,12.39,0,0,0,0,0,0,0,0,0,0,0,0,0,0,0,0,0,0,0,0,0,0,0,0,0,0,29,0,1,2,50,29,0,0,0,0,0,0,1,0,5,6,1,0,0,0,7
"Doctoral Masterclass: Data Science Applications - Urban Data Science",k2HHvJmU0Bk,103.28,11/17/2016,408,42,9.7,9.41,0,0,0,0,0,0,0,0,0,0,0,0,0,0,0,0,0,0,0,0,0,0,0,0,0,0,20,0,0,0,0,20,1,1,0,0,0,0,1,0,0,0,0,0,0,0,7
"Fellow Short Talks - 29/11/2016",Jv61k-5rjCg,70.63,11/28/2016,408,30,13.6,19.24,0,0,0,0,0,0,0,0,0,0,0,0,0,0,0,0,0,0,0,0,0,0,0,0,0,0,25,0,0,0,0,25,0,0,0,0,0,0,0,0,0,0,0,0,0,0,7
"Chanuki Seresinhe, University of Warwick",tfy1cNudP-s,18.67,04/19/2017,403,119,3.4,18.13,0,0,0,0,0,0,0,0,0,0,0,0,0,0,0,0,0,0,0,0,0,0,0,0,0,0,1,0,0,1,0,1,1,1,0,0,0,0,1,0,3,4,1,0,0,0,7
"Masterclass: Sketching as a Tool for Numerical Linear Algebra",NyAh3-VKSJw,164.77,01/30/2017,400,12,33.4,20.26,0,0,0,0,0,0,0,0,0,0,0,0,0,0,0,0,0,0,0,0,0,0,0,0,0,0,0,0,0,0,0,0,0,0,0,0,0,0,0,0,0,0,0,0,0,0,7
"Doctoral Masterclass Programme: Professor Jared Tanner, Oxford University",BgIf3TpUSXM,53.05,11/10/2016,399,167,2.4,4.51,0,0,0,0,0,0,0,0,0,0,0,0,0,0,0,0,0,0,0,0,0,13,1,0,0,0,45,0,5,8,62.5,45,0,0,0,0,0,0,2,1,2,2,0,0,0,0,7
"Privacy - George Danezis (UCL, Turing Faculty Fellow)",_I29Tw5aA14,85.95,11/28/2016,397,26,15.3,17.76,0,0,0,0,0,0,0,0,0,0,0,0,0,0,0,0,0,0,0,0,0,0,0,0,0,0,27,0,0,0,0,27,0,0,0,0,0,0,0,0,1,1,0,0,0,0,7
"Dr Lukasz Szpruch, University of Edinburgh",CClGs6o7Bs0,28.47,03/10/2017,393,114,3.4,12.11,0,0,0,0,0,0,0,0,0,0,0,0,0,0,0,0,0,0,0,0,0,0,0,0,0,0,1,0,0,1,0,1,2,3,1,0,0,0,0,0,3,3,0,1,1,0,7
"Doctoral Masterclass Programme: Professor Ben Leimkuhler, Edinburgh University",B_RFoZ8FTTU,58.5,11/11/2016,392,175,2.2,3.83,0,0,0,0,0,0,0,0,0,0,0,0,0,0,0,0,0,0,0,0,0,0,0,0,0,0,63,0,3,10,30,63,1,1,0,0,0,0,2,1,3,4,1,2,2,0,7
"Towards Human Behavior Modelling from Mobile Data - Dr Nuria Oliver",aUDNCISQJGo,63.13,04/20/2017,386,91,4.2,6.72,0,0,0,0,0,0,0,0,0,0,0,0,0,0,0,0,0,0,0,0,0,0,0,0,0,0,2,0,0,2,0,2,0,0,0,0,0,0,0,0,6,7,1,0,0,0,6
"Fellow Short Talks: Professor Chenlei Leng, Warwick University",nRYz_PbMB7k,24.62,11/11/2016,383,115,3.3,13.53,0,0,0,0,0,0,0,0,0,0,0,0,0,0,0,0,0,0,0,0,0,0,0,0,0,0,36,0,1,4,25,36,1,1,0,0,0,0,1,0,1,1,0,0,0,0,6
"Fellow Short Talks: Professor Andrew Blake & Dr Suzy Moat",WtK0vfrum30,72.13,11/22/2016,382,29,13.2,18.25,0,0,0,0,0,0,0,0,0,0,0,0,0,0,0,0,0,0,0,0,0,0,0,0,0,0,15,0,0,0,0,15,1,1,0,0,0,0,3,0,1,1,0,0,0,0,6
"Fellow Short Talks: Dr Efthymia Tsamoura, The Alan Turing Institute",KosFKrMSs1U,28.42,10/21/2016,377,212,1.8,6.25,0,0,0,0,0,0,0,0,0,0,0,0,0,0,0,0,0,0,0,0,0,2,1,0,0,0,72,0,0,6,0,72,1,2,1,0,0,0,2,1,1,1,0,0,0,0,6
"Fellow Short Talks: Dr Charles Sutton, Edinburgh University",oBUqQEJ4RYE,33.68,10/21/2016,374,141,2.7,7.88,0,0,0,0,0,0,0,0,0,0,0,0,0,0,0,0,0,0,0,0,0,0,1,0,0,0,53,0,1,3,33.33,53,0,0,0,0,0,0,1,0,4,4,0,0,0,0,6
"Fellow Short Talks LIVE: 11:00am - 12:30pm",DCpTaaR9ggw,108.2,10/20/2016,362,50,7.2,6.7,0,0,0,0,0,0,0,0,0,0,0,0,0,0,0,0,0,0,0,0,0,0,0,0,0,0,40,0,0,0,0,40,0,0,0,0,0,0,0,0,0,0,0,1,1,0,6
"Fellow Short Talks: Professor David Firth, University of Warwick",ZdkPLgQptYI,25.53,12/16/2016,358,92,3.9,15.24,0,0,0,0,0,0,0,0,0,0,0,0,0,0,0,0,0,0,0,0,0,0,0,0,0,0,1,0,0,1,0,1,0,0,0,0,0,0,0,1,1,1,0,0,0,0,6
"Kenji Takeda - Better, faster, more reproducible research with Microsoft Azure cloud computing",6fWsHv5L1Ek,58.67,11/24/2016,353,25,14.1,24.08,0,0,0,0,0,0,0,0,0,0,0,0,0,0,0,0,0,0,0,0,0,0,0,0,0,0,21,0,0,0,0,21,2,2,0,0,0,0,1,0,1,1,0,0,0,0,6
"Doctoral Masterclass: Tools and Techniques – Version control with Git",kpo326uw8fY,69.72,11/03/2016,352,28,12.6,18.02,0,0,0,0,0,0,0,0,0,0,0,0,0,0,0,0,0,0,0,0,0,0,0,0,0,0,20,0,0,0,0,20,0,0,0,0,0,0,0,0,1,1,0,0,0,0,6
"Doctoral Masterclass: Tools and Techniques - Introduction to Python",WF5hMdMqoLg,65.52,11/10/2016,347,49,7.1,10.81,0,0,0,0,0,0,0,0,0,0,0,0,0,0,0,0,0,0,0,0,0,0,0,0,0,2,47,4.26,1,4,25,47,1,1,0,0,0,0,2,1,0,0,0,0,0,0,6
"Fellow Short Talks: Dr Ioannis Kosmidis, UCL",OoNSL2xAaOM,27.47,12/02/2016,344,109,3.2,11.49,0,0,0,0,0,0,0,0,0,0,0,0,0,0,0,0,0,0,0,0,0,0,0,0,0,0,2,0,0,2,0,2,0,0,0,0,0,0,0,0,3,3,0,1,1,0,6
"Tools and Techniques: Python - Dr May Yong",Ac6ILoWl8GU,49.32,12/08/2016,320,133,2.4,4.88,0,0,0,0,0,0,0,0,0,0,0,0,0,0,0,0,0,0,0,0,0,0,0,0,0,0,4,0,1,4,25,4,1,1,0,0,0,0,0,0,7,7,0,0,0,0,5
"Fellow Short Talks: Professor David Pym, UCL",I6UgeIY9Tqc,31.7,12/02/2016,308,76,4,12.77,0,0,0,0,0,0,0,0,0,0,0,0,0,0,0,0,0,0,0,0,0,0,0,0,0,0,1,0,0,1,0,1,0,0,0,0,0,0,0,0,1,1,0,1,1,0,5
"Turing Lecture: Data Science for Medicine",RfK3D5dJV2Q,80.98,05/09/2017,306,77,4,4.9,0,0,0,0,0,0,0,0,0,0,0,0,0,0,0,0,0,0,0,0,0,0,0,0,0,0,0,0,0,0,0,0,2,2,0,0,0,0,2,0,12,12,0,2,2,0,5
"Fellow Short Talks: Professor Thomas Nichols & Professor Zoubin Ghahramani",tRRP_7Q16DI,64.27,11/14/2016,300,13,23.1,35.88,0,0,0,0,0,0,0,0,0,0,0,0,0,0,0,0,0,0,0,0,0,0,0,0,0,0,8,0,0,0,0,8,0,0,0,0,0,0,0,0,0,0,0,0,0,0,5
"Fellow Short Talks: 24 January 2017 || LIVE from 11am GMT ||",aNtrwypHCTs,97.13,01/24/2017,297,12,24.8,25.5,0,0,0,0,0,0,0,0,0,0,0,0,0,0,0,0,0,0,0,0,0,0,0,0,0,0,0,0,0,0,0,0,0,0,0,0,0,0,0,0,0,0,0,0,0,0,5
"Fellow Short Talks - 01/12/2016",IZWkheL9QS8,89.62,11/29/2016,295,36,8.2,9.13,0,0,0,0,0,0,0,0,0,0,0,0,0,0,0,0,0,0,0,0,0,0,0,0,0,0,24,0,0,0,0,24,0,0,0,0,0,0,1,0,0,1,1,0,0,0,5
"Dr Leonardo Bottolo, University of Cambridge",OL4bnmbzZ4M,26.82,03/15/2017,291,98,3,11.09,0,0,0,0,0,0,0,0,0,0,0,0,0,0,0,0,0,0,0,0,0,1,1,0,0,0,1,0,1,1,100,1,0,0,0,0,0,0,0,1,3,3,0,1,1,0,5
"Fellow Short Talks: Professor Brad Love, UCL",vFRjUD6CVzo,23.02,12/15/2016,291,65,4.5,19.43,0,0,0,0,0,0,0,0,0,0,0,0,0,0,0,0,0,0,0,0,0,0,0,0,0,0,0,0,0,0,0,0,0,0,0,0,0,0,0,1,1,1,0,0,0,0,5
"Dr Varun Kanade, University of Oxford",51nzUlPADJA,24.5,03/06/2017,289,80,3.6,14.75,0,0,0,0,0,0,0,0,0,0,0,0,0,0,0,0,0,0,0,0,0,0,0,0,0,0,1,0,1,1,100,1,2,2,0,0,0,0,0,1,5,5,0,0,0,0,5
"Short Talks",EynSDoan-CY,95.8,01/30/2017,288,10,28.8,30.1,0,0,0,0,0,0,0,0,0,0,0,0,0,0,0,0,0,0,0,0,0,0,0,0,0,0,0,0,0,0,0,0,0,0,0,0,0,0,0,0,0,0,0,0,0,0,5
"Fellow Short Talks: Professor Cecilia Mascolo, Cambridge University",Oot6NmvCWWg,25.9,10/19/2016,283,102,2.8,10.72,0,0,0,0,0,0,0,0,0,0,0,0,0,0,0,0,0,0,0,0,0,0,0,0,0,0,45,0,0,0,0,45,1,1,0,0,0,0,1,0,2,3,1,0,0,0,5
"Fellow Short Talks: Dr Matthew Leeke, Warwick University",zI5NS1b3wio,21.67,11/30/2016,283,84,3.4,15.57,0,0,0,0,0,0,0,0,0,0,0,0,0,0,0,0,0,0,0,0,0,0,0,0,0,0,0,0,0,0,0,0,1,1,0,0,0,0,0,0,5,5,0,0,0,0,5
"Fellow Short Talks: 6.12.16",EhWksdxaotE,66.75,12/05/2016,274,24,11.4,17.12,0,0,0,0,0,0,0,0,0,0,0,0,0,0,0,0,0,0,0,0,0,0,0,0,0,0,0,0,0,0,0,0,1,1,0,0,0,0,0,0,1,1,0,1,1,0,5
"Masterclass: F# and Functional Languages",eGSssY6rJeQ,64.98,02/16/2017,270,44,6.1,9.46,0,0,0,0,0,0,0,0,0,0,0,0,0,0,0,0,0,0,0,0,0,0,0,0,0,0,0,0,0,0,0,0,1,1,0,0,0,0,1,0,1,1,0,0,0,0,5
"Fellow Short Talks: Dr Scott Hale, Oxford University",qH89VbfKJAg,25.37,11/30/2016,267,69,3.9,15.27,0,0,0,0,0,0,0,0,0,0,0,0,0,0,0,0,0,0,0,0,0,0,0,0,0,0,2,0,1,2,50,2,0,0,0,0,0,0,6,0,6,6,0,0,0,0,4
"Masterclass - Computing resources available to Turing researchers",3GG8PlR7Spk,75.2,02/21/2017,263,16,16.4,21.85,0,0,0,0,0,0,0,0,0,0,0,0,0,0,0,0,0,0,0,0,0,0,0,0,0,0,0,0,0,0,0,0,0,0,0,0,0,0,0,0,0,0,0,0,0,0,4
"Short Talks 2.1.17",EvLCUmU7zZw,57.68,02/28/2017,251,43,5.8,10.12,0,0,0,0,0,0,0,0,0,0,0,0,0,0,0,0,0,0,0,0,0,0,0,0,0,0,0,0,0,0,0,0,0,0,0,0,0,0,0,0,1,1,0,0,0,0,4
"Fellow Short Talks: Professor Rob Procter, Warwick University",rNeZdjmLass,36.03,12/02/2016,249,55,4.5,12.55,0,0,0,0,0,0,0,0,0,0,0,0,0,0,0,0,0,0,0,0,0,0,0,0,0,0,1,0,0,1,0,1,2,2,0,0,0,0,0,0,6,7,1,0,0,0,4
"Fellow Short Talks, 27.10.2016 (11am - 12:30pm)",x20NPCtyBtA,102.83,10/26/2016,248,22,11.3,10.96,0,0,0,0,0,0,0,0,0,0,0,0,0,0,0,0,0,0,0,0,0,0,0,0,0,0,14,0,0,0,0,14,1,1,0,0,0,0,0,0,0,0,0,0,0,0,4
"Fellow Short Talks: Professor Francois Caron, Oxford University",2ENW8u2eP50,26.38,12/02/2016,241,75,3.2,12.17,0,0,0,0,0,0,0,0,0,0,0,0,0,0,0,0,0,0,0,0,0,0,0,0,0,0,2,0,0,2,0,2,1,1,0,0,0,0,0,0,1,1,0,0,0,0,4
"Dr Armin Eftekhari, University of Edinburgh",OCv4Q3zA22g,20.6,03/06/2017,236,86,2.7,13.33,0,0,0,0,0,0,0,0,0,0,0,0,0,0,0,0,0,0,0,0,0,1,2,0,0,0,0,0,0,0,0,0,1,1,0,0,0,0,0,1,4,4,0,1,1,0,4
"Fellow Short Talks: Dr Maria Liakata, University of Warwick",iKUA_XtTCiE,25.23,12/15/2016,235,98,2.4,9.52,0,0,0,0,0,0,0,0,0,0,0,0,0,0,0,0,0,0,0,0,0,7,1,0,0,0,1,0,0,1,0,1,0,0,0,0,0,0,0,1,3,3,0,0,0,0,4
"Fellow Short Talks: Dr Maria Wolters, Edinburgh University",jDlmltgkttA,20.33,11/11/2016,230,85,2.7,13.32,0,0,0,0,0,0,0,0,0,0,0,0,0,0,0,0,0,0,0,0,0,0,0,0,0,0,33,0,2,4,50,33,0,0,0,0,0,0,2,0,2,2,0,0,0,0,4
"Fellow Short Talks: 8.12.16 [Due to first speaker cancellation, the talk will begin at 11:30am]",Qvl1EAlGtBY,72.6,12/06/2016,229,16,14.3,19.74,0,0,0,0,0,0,0,0,0,0,0,0,0,0,0,0,0,0,0,0,0,0,0,0,0,0,0,0,0,0,0,0,1,1,0,0,0,0,0,0,0,0,0,0,0,0,4
"Fellow Short Talks: 3.11.2016, 11am - 12pm",slwsAaYliOc,69.6,11/02/2016,229,18,12.7,18.24,0,0,0,0,0,0,0,0,0,0,0,0,0,0,0,0,0,0,0,0,0,0,0,0,0,0,17,0,0,0,0,17,0,0,0,0,0,0,0,0,0,0,0,0,0,0,4
"Mathematical Models and Planning of Urban Infrastructure Networks",vDLMF8X3S70,30.93,12/15/2016,206,41,5,16.24,0,0,0,0,0,0,0,0,0,0,0,0,0,0,0,0,0,0,0,0,0,0,0,0,0,0,0,0,0,0,0,0,0,0,0,0,0,0,0,0,2,2,0,0,0,0,3
"Fellow Short Talks: Professor Jon Crowcroft, University of Ccambridge",w8JuCSSXxJQ,29.25,12/15/2016,203,60,3.4,11.58,0,0,0,0,0,0,0,0,0,0,0,0,0,0,0,0,0,0,0,0,0,0,1,0,0,0,0,0,0,0,0,0,1,1,0,0,0,0,0,1,3,3,0,0,0,0,3
"Fellow Short Talks: Professor Tom Nichols, Warwick University",wI01INYcaTk,29.77,11/30/2016,202,72,2.8,9.45,0,0,0,0,0,0,0,0,0,0,0,0,0,0,0,0,0,0,0,0,0,0,0,0,0,0,1,0,0,1,0,1,0,0,0,0,0,0,0,0,3,3,0,0,0,0,3
"Professor Kostas Zygalakis, University of Edinburgh",rUWzRF5mYNw,29.65,03/06/2017,192,71,2.7,9.14,0,0,0,0,0,0,0,0,0,0,0,0,0,0,0,0,0,0,0,0,0,4,3,0,0,0,0,0,0,0,0,0,1,1,0,0,0,0,0,0,3,3,0,0,0,0,3
"Fellow Short Talks: November 8 2016, 11am-12pm",ua0pkLIZeok,88.75,11/07/2016,188,14,13.4,15.12,0,0,0,0,0,0,0,0,0,0,0,0,0,0,0,0,0,0,0,0,0,0,0,0,0,0,9,0,0,0,0,9,1,1,0,0,0,0,0,0,0,0,0,0,0,0,3
"Fellow Short Talks: Dr Mirco Musolesi, UCL",1PdOH1vsBiM,31.53,11/11/2016,187,83,2.3,7.14,0,0,0,0,0,0,0,0,0,0,0,0,0,0,0,0,0,0,0,0,0,0,0,0,0,0,36,0,3,4,75,36,0,0,0,0,0,0,0,0,1,2,1,0,0,0,3
"Dr Natalia Bochkina, Edinburgh University",6_CLqV1Gy2Q,32.55,10/24/2016,184,102,1.8,5.54,0,0,0,0,0,0,0,0,0,0,0,0,0,0,0,0,0,0,0,0,0,0,0,0,0,1,39,2.56,0,3,0,39,0,0,0,0,0,0,1,0,3,4,1,0,0,0,3
"Generational Random Graphs – Professor Jon Crowcroft",gNIWDvzsPho,50.93,04/20/2017,182,52,3.5,6.88,0,0,0,0,0,0,0,0,0,0,0,0,0,0,0,0,0,0,0,0,0,0,0,0,0,0,1,0,0,1,0,1,0,0,0,0,0,0,1,0,4,4,0,0,0,0,3
"Fellow Short Talks: Dr Quentin Berthet, Cambridge University",32BFk113CW0,26.8,11/11/2016,173,85,2,7.61,0,0,0,0,0,0,0,0,0,0,0,0,0,0,0,0,0,0,0,0,0,0,0,0,0,0,29,0,0,2,0,29,1,1,0,0,0,0,1,0,3,3,0,0,0,0,3
"Merve Alanyali, University of Warwick",wCle_ARznj4,18.62,03/06/2017,173,81,2.1,11.49,0,0,0,0,0,0,0,0,0,0,0,0,0,0,0,0,0,0,0,0,0,0,1,0,0,0,2,0,2,2,100,2,1,1,0,0,0,0,0,0,4,4,0,0,0,0,3
"Doctoral Masterclass - 11am: Dr James Geddes, The Alan Turing Institute",4kQWGGGWKes,55.17,10/31/2016,163,25,6.5,11.84,0,0,0,0,0,0,0,0,0,0,0,0,0,0,0,0,0,0,0,0,0,0,0,0,0,0,17,0,0,0,0,17,1,1,0,0,0,0,0,0,0,0,0,0,0,0,3
"Optimisation: Linear Integer Programming - Professor Raphael Hauser",Gkk6XvJi6Qw,52.18,12/08/2016,161,82,2,3.75,0,0,0,0,0,0,0,0,0,0,0,0,0,0,0,0,0,0,0,0,0,0,0,0,0,0,1,0,0,1,0,1,0,0,0,0,0,0,0,1,4,5,1,0,0,0,3
"Doctoral Masterclass Programme: Professor Gesine Reinert, Oxford University",Ha32LmYLmrU,51.48,11/10/2016,156,163,1,1.86,0,0,0,0,0,0,0,0,0,0,0,0,0,0,0,0,0,0,0,0,0,1,1,0,0,1,55,1.82,1,5,20,55,1,1,0,0,0,0,2,0,4,4,0,0,0,0,3
"Fellow Short Talks: Professor Rob Procter, University of Warwick",j0fjrfWGhKQ,33.35,12/16/2016,151,39,3.9,11.61,0,0,0,0,0,0,0,0,0,0,0,0,0,0,0,0,0,0,0,0,0,0,0,0,0,0,1,0,0,1,0,1,1,1,0,1,1,0,0,1,3,3,0,0,0,0,3
"Fellow Short Talks: Dr Gian Marco Campagnolo, Edinburgh University",hkI_CkYWeJM,21.72,12/14/2016,146,60,2.4,11.24,0,0,0,0,0,0,0,0,0,0,0,0,0,0,0,0,0,0,0,0,0,0,0,0,0,0,2,0,0,2,0,2,0,0,0,0,0,0,0,1,1,1,0,0,0,0,2
"Dr Chris Russell, University of Edinburgh",20hECe2hSfY,24.5,03/06/2017,131,67,2,7.97,0,0,0,0,0,0,0,0,0,0,0,0,0,0,0,0,0,0,0,0,0,1,1,0,0,0,0,0,0,0,0,0,0,0,0,0,0,0,0,0,3,3,0,1,1,0,2
"Fellow Short Talks: Professor Coralia Cartis, Oxford University",n2aNH-x8f_I,19.17,11/30/2016,128,38,3.4,17.57,0,0,0,0,0,0,0,0,0,0,0,0,0,0,0,0,0,0,0,0,0,0,0,0,0,0,1,0,0,1,0,1,0,0,0,0,0,0,0,0,3,3,0,0,0,0,2
"The sharp threshold for making squares, Rob Morris (IMPA)",nVF2OiUHmx0,46,01/05/2017,123,68,1.8,3.93,0,0,0,0,0,0,0,0,0,0,0,0,0,0,0,0,0,0,0,0,0,3,1,0,0,0,0,0,0,0,0,0,0,0,0,0,0,0,0,1,2,2,0,0,0,0,2
"Short Talks 21.02.17",mWNF1LKmGp8,65.75,02/21/2017,104,8,13,19.83,0,0,0,0,0,0,0,0,0,0,0,0,0,0,0,0,0,0,0,0,0,0,0,0,0,0,0,0,0,0,0,0,0,0,0,0,0,0,0,0,0,0,0,0,0,0,2
"Professor Gesine Reinert, University of Oxford",l1iSbsQjWxo,18.95,02/07/2017,95,61,1.6,8.18,0,0,0,0,0,0,0,0,0,0,0,0,0,0,0,0,0,0,0,0,0,0,0,0,0,0,1,0,1,1,100,1,0,0,0,0,0,0,0,1,3,3,0,0,0,0,2
"Dr Nick Polydorides - University of Edinburgh",MdtbH7UHNJM,21.93,04/24/2017,77,72,1.1,4.86,0,0,0,0,0,0,0,0,0,0,0,0,0,0,0,0,0,0,0,0,0,0,0,0,0,0,1,0,0,1,0,1,2,2,0,0,0,0,1,0,4,4,0,0,0,0,1
"Better, faster, more reproducible research with Microsoft Azure cloud computing - Dr Kenji Takeda",rUFuU9RTLUo,53.03,12/13/2016,73,14,5.2,9.78,0,0,0,0,0,0,0,0,0,0,0,0,0,0,0,0,0,0,0,0,0,0,0,0,0,0,0,0,0,0,0,0,0,0,0,0,0,0,0,0,0,0,0,0,0,0,1
"The sharp threshold for making squares, Rob Morris (IMPA)",H53twqLNyY0,55.1,12/12/2016,70,7,9.9,18.05,0,0,0,0,0,0,0,0,0,0,0,0,0,0,0,0,0,0,0,0,0,0,0,0,0,0,0,0,0,0,0,0,0,0,0,0,0,0,0,0,0,0,0,0,0,0,1
"Doctoral Masterclass: Environmental Applications - Ruth King, Edinburgh University. 2pm - 3pm",Oca6JedtWiM,76.68,12/08/2016,69,17,4,5.27,0,0,0,0,0,0,0,0,0,0,0,0,0,0,0,0,0,0,0,0,0,0,0,0,0,0,0,0,0,0,0,0,0,0,0,0,0,0,0,0,0,0,0,0,0,0,1
"Efi Tsamoura Event 2 - FARR Institute",Ci9yDuel1so,69.87,03/03/2017,66,3,22,31.43,0,0,0,0,0,0,0,0,0,0,0,0,0,0,0,0,0,0,0,0,0,0,0,0,0,0,0,0,0,0,0,0,0,0,0,0,0,0,0,0,0,0,0,0,0,0,1
"Critically Hybrid Epidemics - Dr Shi Zhou, UCL",XoUbeCHujPI,38.43,04/19/2017,53,86,0.6,1.59,0,0,0,0,0,0,0,0,0,0,0,0,0,0,0,0,0,0,0,0,0,2,2,0,0,0,4,0,1,4,25,4,0,0,0,0,0,0,0,2,5,5,0,0,0,0,1
"Optimal Spectral Estimation via Atomic Norm Minimization",JKxmI_UqHNs,49.25,05/04/2017,51,11,4.6,9.4,0,0,0,0,0,0,0,0,0,0,0,0,0,0,0,0,0,0,0,0,0,0,0,0,0,0,0,0,0,0,0,0,0,0,0,0,0,0,0,0,0,0,0,0,0,0,1
"Projections and the Vertex Pipeline",N_g4r3C8ENI,78.48,05/03/2017,51,6,8.4,10.75,0,0,0,0,0,0,0,0,0,0,0,0,0,0,0,0,0,0,0,0,0,0,0,0,0,0,0,0,0,0,0,0,0,0,0,0,0,0,0,0,1,1,0,0,0,0,1
"Professor Eric Meyer, University of Oxford",tIUvDGkgfwU,22.63,03/06/2017,47,34,1.4,6.07,0,0,0,0,0,0,0,0,0,0,0,0,0,0,0,0,0,0,0,0,0,0,0,0,0,0,0,0,0,0,0,0,0,0,0,0,0,0,1,0,1,1,0,0,0,0,1
"Short Talks 14.03.17",tiZNGc-M4aQ,61.2,03/13/2017,41,21,1.9,3.15,0,0,0,0,0,0,0,0,0,0,0,0,0,0,0,0,0,0,0,0,0,0,0,0,0,0,0,0,0,0,0,0,0,0,0,0,0,0,0,0,0,1,1,0,0,0,1
"Efi Tsamoura Event - FARR Institute",gyyPz7gMt60,62.87,03/02/2017,35,2,17.6,28.03,0,0,0,0,0,0,0,0,0,0,0,0,0,0,0,0,0,0,0,0,0,0,0,0,0,0,0,0,0,0,0,0,0,0,0,0,0,0,0,0,0,0,0,0,0,0,1
"Exploring Novel Opportunities for Data Science In Cardiovascular Research",8Auzjy90EaU,4.62,03/17/2017,34,36,1,20.7,0,0,0,0,0,0,0,0,0,0,0,0,0,0,0,0,0,0,0,0,0,0,0,0,0,0,2,0,0,2,0,2,1,1,0,0,0,0,0,0,1,2,1,1,1,0,1
