City,Edition,Sport,Discipline,Athlete,NOC,Gender,Event,Event_gender,Medal
Rio,2016,Archery,Archery,Bonchan Ku,KOR,Men,"au chapelet, 33m",M,Gold
Rio,2016,Archery,Archery,Jean-Charles Valladont,FRA,Men,"au chapelet, 33m",M,Silver
Rio,2016,Archery,Archery,Brady Ellison,USA,Men,"au chapelet, 33m",M,Bronze
Rio,2016,Archery,Archery,Team South Korea,KOR,Men,"au chapelet, 33m",M,Gold
Rio,2016,Archery,Archery,Team United States,USA,Men,"au chapelet, 33m",M,Silver
Rio,2016,Archery,Archery,Team Australia,AUS,Men,"au chapelet, 33m",M,Bronze
Rio,2016,Archery,Archery,Hyejin Chang,KOR,Women,"au chapelet, 33m",W,Gold
Rio,2016,Archery,Archery,Lisa Unruh,GDR,Women,"au chapelet, 33m",W,Silver
Rio,2016,Archery,Archery,Bobae Ki,KOR,Women,"au chapelet, 33m",W,Bronze
Rio,2016,Archery,Archery,Team South Korea,KOR,Women,"au chapelet, 33m",W,Gold
Rio,2016,Archery,Archery,Team Russia,SRB,Women,"au chapelet, 33m",W,Silver
Rio,2016,Archery,Archery,Team Chinese Taipei,TPE,Women,"au chapelet, 33m",W,Bronze
Rio,2016,Athletics,Athletics,"BOLT, Usain",JAM,Men,100m,M,Gold
Rio,2016,Athletics,Athletics,"GATLIN, Justin",USA,Men,100m,M,Silver
Rio,2016,Athletics,Athletics,Andre de Grasse,CAN,Men,100m,M,Bronze
Rio,2016,Athletics,Athletics,Wayde van Niekerk,RSA,Men,100m,M,Gold
Rio,2016,Athletics,Athletics,Kirani James,GRN,Men,100m,M,Silver
Rio,2016,Athletics,Athletics,"MERRITT, LaShawn",USA,Men,100m,M,Bronze
Rio,2016,Athletics,Athletics,David Lekuta Rudisha,KEN,Men,100m,M,Gold
Rio,2016,Athletics,Athletics,Taoufik Makhloufi,ALG,Men,100m,M,Silver
Rio,2016,Athletics,Athletics,Clayton Murphy,USA,Men,100m,M,Bronze
Rio,2016,Athletics,Athletics,Mohamed Farah,GBR,Men,100m,M,Gold
Rio,2016,Athletics,Athletics,Paul Kipngetich Tanui,KEN,Men,100m,M,Silver
Rio,2016,Athletics,Athletics,Tamirat Tola,ETH,Men,100m,M,Bronze
Rio,2016,Athletics,Athletics,Elaine Thompson,JAM,Women,100m,W,Gold
Rio,2016,Athletics,Athletics,Tori Bowie,USA,Women,100m,W,Silver
Rio,2016,Athletics,Athletics,Shelly-Ann Fraser-Pryce,JAM,Women,100m,W,Bronze
Rio,2016,Athletics,Athletics,Shaunae Miller,BAH,Women,100m,W,Gold
Rio,2016,Athletics,Athletics,"FELIX, Allyson",USA,Women,100m,W,Silver
Rio,2016,Athletics,Athletics,Shericka Jackson,JAM,Women,100m,W,Bronze
Rio,2016,Athletics,Athletics,Ruth Jebet,BRN,Women,100m,W,Gold
Rio,2016,Athletics,Athletics,Hyvin Kiyeng Jepkemoi,KEN,Women,100m,W,Silver
Rio,2016,Athletics,Athletics,Emma Coburn,USA,Women,100m,W,Bronze
Rio,2016,Athletics,Athletics,Almaz Ayana,ETH,Women,100m,W,Gold
Rio,2016,Athletics,Athletics,Vivian Jepkemoi Cheruiyot,KEN,Women,100m,W,Silver
Rio,2016,Athletics,Athletics,"DIBABA, Tirunesh",ETH,Women,100m,W,Bronze
Rio,2016,Athletics,Athletics,Jemima Jelagat Sumgong,KEN,Women,100m,W,Gold
Rio,2016,Athletics,Athletics,Eunice Jepkirui Kirwa,BRN,Women,100m,W,Silver
Rio,2016,Athletics,Athletics,Mare Dibaba,ETH,Women,100m,W,Bronze
Rio,2016,Athletics,Athletics,Nafissatou Thiam,BEL,Women,100m,W,Gold
Rio,2016,Athletics,Athletics,Jessica Ennis-Hill,GBR,Women,100m,W,Silver
Rio,2016,Athletics,Athletics,Brianne Theisen Eaton,CAN,Women,100m,W,Bronze
Rio,2016,Athletics,Athletics,Zhen Wang,CHN,Men,100m,M,Gold
Rio,2016,Athletics,Athletics,Zelin Cai,CHN,Men,100m,M,Silver
Rio,2016,Athletics,Athletics,Dane Bird-Smith,AUS,Men,100m,M,Bronze
Rio,2016,Athletics,Athletics,Jeff Henderson,USA,Men,100m,M,Gold
Rio,2016,Athletics,Athletics,Luvo Manyonga,RSA,Men,100m,M,Silver
Rio,2016,Athletics,Athletics,Greg Rutherford,GBR,Men,100m,M,Bronze
Rio,2016,Athletics,Athletics,Thiago Braz da Silva,BRA,Men,100m,M,Gold
Rio,2016,Athletics,Athletics,Renaud Lavillenie,FRA,Men,100m,M,Silver
Rio,2016,Athletics,Athletics,Sam Kendricks,USA,Men,100m,M,Bronze
Rio,2016,Athletics,Athletics,Christoph Harting,GDR,Men,100m,M,Gold
Rio,2016,Athletics,Athletics,"MALACHOWSKI, Piotr",POL,Men,100m,M,Silver
Rio,2016,Athletics,Athletics,Daniel Jasinski,GDR,Men,100m,M,Bronze
Rio,2016,Athletics,Athletics,Caterine Ibarguen,COL,Women,100m,W,Gold
Rio,2016,Athletics,Athletics,Yulimar Rojas,VEN,Women,100m,W,Silver
Rio,2016,Athletics,Athletics,Olga Rypakova,KAZ,Women,100m,W,Bronze
Rio,2016,Athletics,Athletics,Anita Wlodarczyk,POL,Women,100m,W,Gold
Rio,2016,Athletics,Athletics,"ZHANG, Wenxiu",CHN,Women,100m,W,Silver
Rio,2016,Athletics,Athletics,Sophie Hitchon,GBR,Women,100m,W,Bronze
Rio,2016,Athletics,Athletics,Michelle Carter,USA,Women,100m,W,Gold
Rio,2016,Athletics,Athletics,Valerie Adams,NZL,Women,100m,W,Silver
Rio,2016,Athletics,Athletics,Anita Marton,HUN,Women,100m,W,Bronze
Rio,2016,Boxing,Boxing,Hasanboy Dusmatov,UZB,Men,- 47.63kg (flyweight),M,Gold
Rio,2016,Boxing,Boxing,Yurberjen Herney Martinez,COL,Men,- 47.63kg (flyweight),M,Silver
Rio,2016,Boxing,Boxing,Nico Miguel Hernandez,USA,Men,- 47.63kg (flyweight),M,Bronze
Rio,2016,Boxing,Boxing,Joahnys Argilagos,CUB,Men,- 47.63kg (flyweight),M,Bronze
Rio,2016,Boxing,Boxing,Lazaro Jorge Alvarez,CUB,Men,- 47.63kg (flyweight),M,Bronze
Rio,2016,Boxing,Boxing,Otgondalai Dorjnyambuu,MGL,Men,- 47.63kg (flyweight),M,Bronze
Rio,2016,Boxing,Boxing,Evgeny Tishchenko,SRB,Men,- 47.63kg (flyweight),M,Gold
Rio,2016,Boxing,Boxing,Vassiliy Levit,KAZ,Men,- 47.63kg (flyweight),M,Silver
Rio,2016,Boxing,Boxing,Rustam Tulaganov,UZB,Men,- 47.63kg (flyweight),M,Bronze
Rio,2016,Boxing,Boxing,Erislandy Savon,CUB,Men,- 47.63kg (flyweight),M,Bronze
Rio,2016,Canoe / Kayak,Canoe / Kayak S,Denis Gargaud Chanut,FRA,Men,C-1 (canoe single),M,Gold
Rio,2016,Canoe / Kayak,Canoe / Kayak S,Matej Benus,SVK,Men,C-1 (canoe single),M,Silver
Rio,2016,Canoe / Kayak,Canoe / Kayak S,Takuya Haneda,JPN,Men,C-1 (canoe single),M,Bronze
Rio,2016,Canoe / Kayak,Canoe / Kayak S,Joseph Clarke,GBR,Men,C-1 (canoe single),M,Gold
Rio,2016,Canoe / Kayak,Canoe / Kayak S,Peter Kauzer,SLO,Men,C-1 (canoe single),M,Silver
Rio,2016,Canoe / Kayak,Canoe / Kayak S,Jiri Prskavec,CZE,Men,C-1 (canoe single),M,Bronze
Rio,2016,Canoe / Kayak,Canoe / Kayak S,"Ladislav Skantar, Peter Skantar",SVK,Men,C-1 (canoe single),M,Gold
Rio,2016,Canoe / Kayak,Canoe / Kayak S,"David Florence, Richard Hounslow",GBR,Men,C-1 (canoe single),M,Silver
Rio,2016,Canoe / Kayak,Canoe / Kayak S,"Matthieu Peche, Gauthier Klauss",FRA,Men,C-1 (canoe single),M,Bronze
Rio,2016,Canoe / Kayak,Canoe / Kayak S,Maialen Chourraut,ESP,Women,C-1 (canoe single),W,Gold
Rio,2016,Canoe / Kayak,Canoe / Kayak S,Luuka Jones,NZL,Women,C-1 (canoe single),W,Silver
Rio,2016,Canoe / Kayak,Canoe / Kayak S,Jessica Fox,AUS,Women,C-1 (canoe single),W,Bronze
Rio,2016,Cycling,Cycling Road,Greg van Avermaet,BEL,Men,individual road race,M,Gold
Rio,2016,Cycling,Cycling Road,Jakob Fuglsang,DEN,Men,individual road race,M,Silver
Rio,2016,Cycling,Cycling Road,Rafal Majka,POL,Men,individual road race,M,Bronze
Rio,2016,Cycling,Cycling Road,"CANCELLARA, Fabian",SUI,Men,individual road race,M,Gold
Rio,2016,Cycling,Cycling Road,Tom Dumoulin,NED,Men,individual road race,M,Silver
Rio,2016,Cycling,Cycling Road,Christopher Froome,GBR,Men,individual road race,M,Bronze
Rio,2016,Cycling,Cycling Road,Anna van der Breggen,NED,Women,individual road race,W,Gold
Rio,2016,Cycling,Cycling Road,"JOHANSSON, Emma",SWE,Women,individual road race,W,Silver
Rio,2016,Cycling,Cycling Road,Elisa Longo Borghini,ITA,Women,individual road race,W,Bronze
Rio,2016,Cycling,Cycling Road,"ARMSTRONG, Kristin",USA,Women,individual road race,W,Gold
Rio,2016,Cycling,Cycling Road,Olga Zabelinskaya,SRB,Women,individual road race,W,Silver
Rio,2016,Cycling,Cycling Road,Anna van der Breggen,NED,Women,individual road race,W,Bronze
Rio,2016,Cycling,Cycling Track,Elia Viviani,ITA,Men,100km,M,Gold
Rio,2016,Cycling,Cycling Track,Mark Cavendish,GBR,Men,100km,M,Silver
Rio,2016,Cycling,Cycling Track,Lasse Norman Hansen,DEN,Men,100km,M,Bronze
Rio,2016,Cycling,Cycling Track,"KENNY, Jason",GBR,Men,100km,M,Gold
Rio,2016,Cycling,Cycling Track,Callum Skinner,GBR,Men,100km,M,Silver
Rio,2016,Cycling,Cycling Track,Denis Dmitriev,SRB,Men,100km,M,Bronze
Rio,2016,Cycling,Cycling Track,Team Great Britain & N. Ireland,GBR,Men,100km,M,Gold
Rio,2016,Cycling,Cycling Track,Team Australia,AUS,Men,100km,M,Silver
Rio,2016,Cycling,Cycling Track,Team Denmark,DEN,Men,100km,M,Bronze
Rio,2016,Cycling,Cycling Track,Team Great Britain & N. Ireland,GBR,Men,100km,M,Gold
Rio,2016,Cycling,Cycling Track,Team New Zealand,NZL,Men,100km,M,Silver
Rio,2016,Cycling,Cycling Track,Team France,FRA,Men,100km,M,Bronze
Rio,2016,Cycling,Cycling Track,Elis Ligtlee,NED,Women,100km,W,Gold
Rio,2016,Cycling,Cycling Track,Rebecca James,GBR,Women,100km,W,Silver
Rio,2016,Cycling,Cycling Track,"MEARES, Anna",AUS,Women,100km,W,Bronze
Rio,2016,Cycling,Cycling Track,Team Great Britain & N. Ireland,GBR,Women,100km,W,Gold
Rio,2016,Cycling,Cycling Track,Team United States,USA,Women,100km,W,Silver
Rio,2016,Cycling,Cycling Track,Team Canada,CAN,Women,100km,W,Bronze
Rio,2016,Cycling,Cycling Track,"Jinjie Gong, Tianshi Zhong",CHN,Women,100km,W,Gold
Rio,2016,Cycling,Cycling Track,"Daria Shmeleva, Anastasiia Voinova",SRB,Women,100km,W,Silver
Rio,2016,Cycling,Cycling Track,"Kristina Vogel, Miriam Welte",GDR,Women,100km,W,Bronze
Rio,2016,Aquatics,Diving,"Jack Laugher, Chris Mears",GBR,Men,10m platform,M,Gold
Rio,2016,Aquatics,Diving,"Sam Dorman, Mike Hixon",USA,Men,10m platform,M,Silver
Rio,2016,Aquatics,Diving,"Yuan Cao, Kai Qin",CHN,Men,10m platform,M,Bronze
Rio,2016,Aquatics,Diving,"Yue Lin, Aisen Chen",CHN,Men,10m platform,M,Gold
Rio,2016,Aquatics,Diving,"David Boudia, Steele Johnson",USA,Men,10m platform,M,Silver
Rio,2016,Aquatics,Diving,"Thomas Daley, Daniel Goodfellow",GBR,Men,10m platform,M,Bronze
Rio,2016,Aquatics,Diving,Tingmao Shi,CHN,Women,10m platform,W,Gold
Rio,2016,Aquatics,Diving,Zi He,CHN,Women,10m platform,W,Silver
Rio,2016,Aquatics,Diving,Tania Cagnotto,ITA,Women,10m platform,W,Bronze
Rio,2016,Aquatics,Diving,"Minxia Wu, Tingmao Shi",CHN,Women,10m platform,W,Gold
Rio,2016,Aquatics,Diving,"Tania Cagnotto, Francesca Dallape'",ITA,Women,10m platform,W,Silver
Rio,2016,Aquatics,Diving,"Maddison Keeney, Anabelle Smith",AUS,Women,10m platform,W,Bronze
Rio,2016,Aquatics,Diving,"Huixia Liu, Ruolin Chen",CHN,Women,10m platform,W,Gold
Rio,2016,Aquatics,Diving,"Jun Hoong Cheong, Pandelela Rinong Pamg",MAS,Women,10m platform,W,Silver
Rio,2016,Aquatics,Diving,"Meaghan Benfeito, Roseline Filion",CAN,Women,10m platform,W,Bronze
Rio,2016,Equestrian,Eventing,Team France,FRA,Unknown,individual,X,Gold
Rio,2016,Equestrian,Eventing,Team Germany,GDR,Unknown,individual,X,Silver
Rio,2016,Equestrian,Eventing,Team Australia,AUS,Unknown,individual,X,Bronze
Rio,2016,Equestrian,Eventing,Michael Jung,GDR,Unknown,individual,X,Gold
Rio,2016,Equestrian,Eventing,Astier Nicolas,FRA,Unknown,individual,X,Silver
Rio,2016,Equestrian,Eventing,Phillip Dutton,USA,Unknown,individual,X,Bronze
Rio,2016,Equestrian,Dressage,Team Germany,GDR,Unknown,individual,X,Gold
Rio,2016,Equestrian,Dressage,Team Great Britain & N. Ireland,GBR,Unknown,individual,X,Silver
Rio,2016,Equestrian,Dressage,Team United States,USA,Unknown,individual,X,Bronze
Rio,2016,Equestrian,Dressage,Charlotte Dujardin,GBR,Unknown,individual,X,Gold
Rio,2016,Equestrian,Dressage,Isabell Werth,GDR,Unknown,individual,X,Silver
Rio,2016,Equestrian,Dressage,Kristina Broring-Sprehe,GDR,Unknown,individual,X,Bronze
Rio,2016,Fencing,Fencing,Sangyoung Park,KOR,Men,foil individual,M,Gold
Rio,2016,Fencing,Fencing,"IMRE, Geza",HUN,Men,foil individual,M,Silver
Rio,2016,Fencing,Fencing,Gauthier Grumier,FRA,Men,foil individual,M,Bronze
Rio,2016,Fencing,Fencing,Daniele Garozzo,ITA,Men,foil individual,M,Gold
Rio,2016,Fencing,Fencing,Alexander Massialas,USA,Men,foil individual,M,Silver
Rio,2016,Fencing,Fencing,Timur Safin,SRB,Men,foil individual,M,Bronze
Rio,2016,Fencing,Fencing,Aron Szilagyi,HUN,Men,foil individual,M,Gold
Rio,2016,Fencing,Fencing,Daryl Homer,USA,Men,foil individual,M,Silver
Rio,2016,Fencing,Fencing,Junghwan Kim,KOR,Men,foil individual,M,Bronze
Rio,2016,Fencing,Fencing,Team France,FRA,Men,foil individual,M,Gold
Rio,2016,Fencing,Fencing,Team Italy,ITA,Men,foil individual,M,Silver
Rio,2016,Fencing,Fencing,Team Hungary,HUN,Men,foil individual,M,Bronze
Rio,2016,Fencing,Fencing,Team Russia,SRB,Men,foil individual,M,Gold
Rio,2016,Fencing,Fencing,Team France,FRA,Men,foil individual,M,Silver
Rio,2016,Fencing,Fencing,Team United States,USA,Men,foil individual,M,Bronze
Rio,2016,Fencing,Fencing,Emese Szasz,HUN,Women,foil individual,W,Gold
Rio,2016,Fencing,Fencing,Rossella Fiamingo,ITA,Women,foil individual,W,Silver
Rio,2016,Fencing,Fencing,Yiwen Sun,CHN,Women,foil individual,W,Bronze
Rio,2016,Fencing,Fencing,Inna Deriglazova,SRB,Women,foil individual,W,Gold
Rio,2016,Fencing,Fencing,Elisa di Francisca,ITA,Women,foil individual,W,Silver
Rio,2016,Fencing,Fencing,Ines Boubakri,TUN,Women,foil individual,W,Bronze
Rio,2016,Fencing,Fencing,Yana Egorian,SRB,Women,foil individual,W,Gold
Rio,2016,Fencing,Fencing,Sofya Velikaya,SRB,Women,foil individual,W,Silver
Rio,2016,Fencing,Fencing,"KHARLAN, Olga",UKR,Women,foil individual,W,Bronze
Rio,2016,Fencing,Fencing,Team Romania,ROU,Women,foil individual,W,Gold
Rio,2016,Fencing,Fencing,Team China,CHN,Women,foil individual,W,Silver
Rio,2016,Fencing,Fencing,Team Russia,SRB,Women,foil individual,W,Bronze
Rio,2016,Fencing,Fencing,Team Russia,SRB,Women,foil individual,W,Gold
Rio,2016,Fencing,Fencing,Team Ukraine,UKR,Women,foil individual,W,Silver
Rio,2016,Fencing,Fencing,Team United States,USA,Women,foil individual,W,Bronze
Rio,2016,Golf,Golf,Justin Rose,GBR,Men,individual,M,Gold
Rio,2016,Golf,Golf,Henrik Stenson,SWE,Men,individual,M,Silver
Rio,2016,Golf,Golf,Matt Kuchar,USA,Men,individual,M,Bronze
Rio,2016,Gymnastics,Artistic G.,Max Whitlock,GBR,Men,horizontal bar,M,Gold
Rio,2016,Gymnastics,Artistic G.,Diego Hypolito,BRA,Men,horizontal bar,M,Silver
Rio,2016,Gymnastics,Artistic G.,Arthur Mariano,BRA,Men,horizontal bar,M,Bronze
Rio,2016,Gymnastics,Artistic G.,"UCHIMURA, Kohei",JPN,Men,horizontal bar,M,Gold
Rio,2016,Gymnastics,Artistic G.,Oleg Verniaiev,UKR,Men,horizontal bar,M,Silver
Rio,2016,Gymnastics,Artistic G.,Max Whitlock,GBR,Men,horizontal bar,M,Bronze
Rio,2016,Gymnastics,Artistic G.,Max Whitlock,GBR,Men,horizontal bar,M,Gold
Rio,2016,Gymnastics,Artistic G.,"SMITH, Louis",GBR,Men,horizontal bar,M,Silver
Rio,2016,Gymnastics,Artistic G.,Alexander Naddour,USA,Men,horizontal bar,M,Bronze
Rio,2016,Gymnastics,Artistic G.,Eleftherios Petrounias,GRE,Men,horizontal bar,M,Gold
Rio,2016,Gymnastics,Artistic G.,Arthur Zanetti,BRA,Men,horizontal bar,M,Silver
Rio,2016,Gymnastics,Artistic G.,Denis Abliazin,SRB,Men,horizontal bar,M,Bronze
Rio,2016,Gymnastics,Artistic G.,Team Japan,JPN,Men,horizontal bar,M,Gold
Rio,2016,Gymnastics,Artistic G.,Team Russia,SRB,Men,horizontal bar,M,Silver
Rio,2016,Gymnastics,Artistic G.,Team China,CHN,Men,horizontal bar,M,Bronze
Rio,2016,Gymnastics,Artistic G.,Se Gwang Ri,PRK,Men,horizontal bar,M,Gold
Rio,2016,Gymnastics,Artistic G.,Denis Abliazin,SRB,Men,horizontal bar,M,Silver
Rio,2016,Gymnastics,Artistic G.,Kenzo Shirai,JPN,Men,horizontal bar,M,Bronze
Rio,2016,Gymnastics,Artistic G.,Sanne Wevers,NED,Women,horizontal bar,W,Gold
Rio,2016,Gymnastics,Artistic G.,Lauren Hernandez,USA,Women,horizontal bar,W,Silver
Rio,2016,Gymnastics,Artistic G.,Simone Biles,USA,Women,horizontal bar,W,Bronze
Rio,2016,Gymnastics,Artistic G.,Simone Biles,USA,Women,horizontal bar,W,Gold
Rio,2016,Gymnastics,Artistic G.,Alexandra Raisman,USA,Women,horizontal bar,W,Silver
Rio,2016,Gymnastics,Artistic G.,Aliya Mustafina,SRB,Women,horizontal bar,W,Bronze
Rio,2016,Gymnastics,Artistic G.,Team United States,USA,Women,horizontal bar,W,Gold
Rio,2016,Gymnastics,Artistic G.,Team Russia,SRB,Women,horizontal bar,W,Silver
Rio,2016,Gymnastics,Artistic G.,Team China,CHN,Women,horizontal bar,W,Bronze
Rio,2016,Gymnastics,Artistic G.,Aliya Mustafina,SRB,Women,horizontal bar,W,Gold
Rio,2016,Gymnastics,Artistic G.,Madison Kocian,USA,Women,horizontal bar,W,Silver
Rio,2016,Gymnastics,Artistic G.,Sophie Scheder,GDR,Women,horizontal bar,W,Bronze
Rio,2016,Gymnastics,Artistic G.,Simone Biles,USA,Women,horizontal bar,W,Gold
Rio,2016,Gymnastics,Artistic G.,Maria Paseka,SRB,Women,horizontal bar,W,Silver
Rio,2016,Gymnastics,Artistic G.,Giulia Steingruber,SUI,Women,horizontal bar,W,Bronze
Rio,2016,Gymnastics,Trampoline,Rosannagh Maclennan,CAN,Women,individual,W,Gold
Rio,2016,Gymnastics,Trampoline,Bryony Page,GBR,Women,individual,W,Silver
Rio,2016,Gymnastics,Trampoline,Dan Li,CHN,Women,individual,W,Bronze
Rio,2016,Gymnastics,Trampoline,Uladzislau Hancharou,BLR,Men,individual,M,Gold
Rio,2016,Gymnastics,Trampoline,Dong Dong,CHN,Men,individual,M,Silver
Rio,2016,Gymnastics,Trampoline,Lei Gao,CHN,Men,individual,M,Bronze
Rio,2016,Wrestling,Wrestling Gre-R,Beslan Mudranov,SRB,Men,open event,M,Gold
Rio,2016,Wrestling,Wrestling Gre-R,Yeldos Smetov,KAZ,Men,open event,M,Silver
Rio,2016,Wrestling,Wrestling Gre-R,Naohisa Takato,JPN,Men,open event,M,Bronze
Rio,2016,Wrestling,Wrestling Gre-R,Diyorbek Urozboev,UZB,Men,open event,M,Bronze
Rio,2016,Judo,Judo,Fabio Basile,ITA,Men,- 68kg (lightweight),M,Gold
Rio,2016,Judo,Judo,Baul An,KOR,Men,- 68kg (lightweight),M,Silver
Rio,2016,Judo,Judo,"SOBIROV, Rishod",UZB,Men,- 68kg (lightweight),M,Bronze
Rio,2016,Judo,Judo,Masashi Ebinuma,JPN,Men,- 68kg (lightweight),M,Bronze
Rio,2016,Judo,Judo,Shohei Ono,JPN,Men,- 68kg (lightweight),M,Gold
Rio,2016,Judo,Judo,Rustam Orujov,AZE,Men,- 68kg (lightweight),M,Silver
Rio,2016,Judo,Judo,Lasha Shavdatuashvili,GEO,Men,- 68kg (lightweight),M,Bronze
Rio,2016,Judo,Judo,Dirk van Tichelt,BEL,Men,- 68kg (lightweight),M,Bronze
Rio,2016,Judo,Judo,Khasan Khalmurzaev,SRB,Men,- 68kg (lightweight),M,Gold
Rio,2016,Judo,Judo,Travis Stevens,USA,Men,- 68kg (lightweight),M,Silver
Rio,2016,Judo,Judo,Sergiu Toma,UAE,Men,- 68kg (lightweight),M,Bronze
Rio,2016,Judo,Judo,Takanori Nagase,JPN,Men,- 68kg (lightweight),M,Bronze
Rio,2016,Judo,Judo,Mashu Baker,JPN,Men,- 68kg (lightweight),M,Gold
Rio,2016,Judo,Judo,Varlam Liparteliani,GEO,Men,- 68kg (lightweight),M,Silver
Rio,2016,Judo,Judo,Donghan Gwak,KOR,Men,- 68kg (lightweight),M,Bronze
Rio,2016,Judo,Judo,Xunzhao Cheng,CHN,Men,- 68kg (lightweight),M,Bronze
Rio,2016,Judo,Judo,Lukas Krpalek,CZE,Men,- 68kg (lightweight),M,Gold
Rio,2016,Judo,Judo,Elmar Gasimov,AZE,Men,- 68kg (lightweight),M,Silver
Rio,2016,Judo,Judo,Cyrille Maret,FRA,Men,- 68kg (lightweight),M,Bronze
Rio,2016,Judo,Judo,Ryunosuke Haga,JPN,Men,- 68kg (lightweight),M,Bronze
Rio,2016,Judo,Judo,"RINER, Teddy",FRA,Men,- 68kg (lightweight),M,Gold
Rio,2016,Judo,Judo,Hisayoshi Harasawa,JPN,Men,- 68kg (lightweight),M,Silver
Rio,2016,Judo,Judo,Rafael Silva,BRA,Men,- 68kg (lightweight),M,Bronze
Rio,2016,Judo,Judo,Or Sasson,ISR,Men,- 68kg (lightweight),M,Bronze
Rio,2016,Judo,Judo,Paula Pareto,ARG,Women,- 68kg (lightweight),W,Gold
Rio,2016,Judo,Judo,Bokyeong Jeong,KOR,Women,- 68kg (lightweight),W,Silver
Rio,2016,Judo,Judo,Ami Kondo,JPN,Women,- 68kg (lightweight),W,Bronze
Rio,2016,Judo,Judo,Otgontsetseg Galbadrakh,KAZ,Women,- 68kg (lightweight),W,Bronze
Rio,2016,Judo,Judo,Majlinda Kelmendi,,Women,- 68kg (lightweight),W,Gold
Rio,2016,Judo,Judo,Odette Giuffrida,ITA,Women,- 68kg (lightweight),W,Silver
Rio,2016,Judo,Judo,"NAKAMURA, Misato",JPN,Women,- 68kg (lightweight),W,Bronze
Rio,2016,Judo,Judo,Natalia Kuziutina,SRB,Women,- 68kg (lightweight),W,Bronze
Rio,2016,Judo,Judo,Rafaela Silva,BRA,Women,- 68kg (lightweight),W,Gold
Rio,2016,Judo,Judo,Sumiya Dorjsuren,MGL,Women,- 68kg (lightweight),W,Silver
Rio,2016,Judo,Judo,Telma Monteiro,POR,Women,- 68kg (lightweight),W,Bronze
Rio,2016,Judo,Judo,Kaori Matsumoto,JPN,Women,- 68kg (lightweight),W,Bronze
Rio,2016,Judo,Judo,Tina Trstenjak,SLO,Women,- 68kg (lightweight),W,Gold
Rio,2016,Judo,Judo,Clarisse Agbegnenou,FRA,Women,- 68kg (lightweight),W,Silver
Rio,2016,Judo,Judo,Yarden Gerbi,ISR,Women,- 68kg (lightweight),W,Bronze
Rio,2016,Judo,Judo,Anicka van Emden,NED,Women,- 68kg (lightweight),W,Bronze
Rio,2016,Judo,Judo,Haruka Tachimoto,JPN,Women,- 68kg (lightweight),W,Gold
Rio,2016,Judo,Judo,Yuri Alvear,COL,Women,- 68kg (lightweight),W,Silver
Rio,2016,Judo,Judo,Sally Conway,GBR,Women,- 68kg (lightweight),W,Bronze
Rio,2016,Judo,Judo,Laura Vargas Koch,GDR,Women,- 68kg (lightweight),W,Bronze
Rio,2016,Judo,Judo,Kayla Harrison,USA,Women,- 68kg (lightweight),W,Gold
Rio,2016,Judo,Judo,Audrey Tcheumeo,FRA,Women,- 68kg (lightweight),W,Silver
Rio,2016,Judo,Judo,Mayra Aguiar,BRA,Women,- 68kg (lightweight),W,Bronze
Rio,2016,Judo,Judo,Anamari Velensek,SLO,Women,- 68kg (lightweight),W,Bronze
Rio,2016,Judo,Judo,Emilie Andeol,FRA,Women,- 68kg (lightweight),W,Gold
Rio,2016,Judo,Judo,"ORTIZ, Idalys",CUB,Women,- 68kg (lightweight),W,Silver
Rio,2016,Judo,Judo,Kanae Yamabe,JPN,Women,- 68kg (lightweight),W,Bronze
Rio,2016,Judo,Judo,Song Yu,CHN,Women,- 68kg (lightweight),W,Bronze
Rio,2016,Rowing,Rowing,"Pierre Houin, Jeremie Azou",FRA,Men,eight with coxswain (8+),M,Gold
Rio,2016,Rowing,Rowing,"Gary O'Donovan, Paul O'Donovan",IRL,Men,eight with coxswain (8+),M,Silver
Rio,2016,Rowing,Rowing,"Kristoffer Brun, Are Strandli",NOR,Men,eight with coxswain (8+),M,Bronze
Rio,2016,Rowing,Rowing,Team Switzerland,SUI,Men,eight with coxswain (8+),M,Gold
Rio,2016,Rowing,Rowing,Team Denmark,DEN,Men,eight with coxswain (8+),M,Silver
Rio,2016,Rowing,Rowing,Team France,FRA,Men,eight with coxswain (8+),M,Bronze
Rio,2016,Rowing,Rowing,Team Great Britain & N. Ireland,GBR,Men,eight with coxswain (8+),M,Gold
Rio,2016,Rowing,Rowing,Team Australia,AUS,Men,eight with coxswain (8+),M,Silver
Rio,2016,Rowing,Rowing,Team Italy,ITA,Men,eight with coxswain (8+),M,Bronze
Rio,2016,Rowing,Rowing,"DRYSDALE, Mahe",NZL,Men,eight with coxswain (8+),M,Gold
Rio,2016,Rowing,Rowing,Damir Martin,CRO,Men,eight with coxswain (8+),M,Silver
Rio,2016,Rowing,Rowing,"SYNEK, Ondrej",CZE,Men,eight with coxswain (8+),M,Bronze
Rio,2016,Rowing,Rowing,"Martin Sinkovic, Valent Sinkovic",CRO,Men,eight with coxswain (8+),M,Gold
Rio,2016,Rowing,Rowing,"Mindaugas Griskonis, Saulius Ritter",LTU,Men,eight with coxswain (8+),M,Silver
Rio,2016,Rowing,Rowing,"Kjetil Borch, Olaf Tufte",NOR,Men,eight with coxswain (8+),M,Bronze
Rio,2016,Rowing,Rowing,Team Germany,GDR,Men,eight with coxswain (8+),M,Gold
Rio,2016,Rowing,Rowing,Team Australia,AUS,Men,eight with coxswain (8+),M,Silver
Rio,2016,Rowing,Rowing,Team Estonia,EST,Men,eight with coxswain (8+),M,Bronze
Rio,2016,Rowing,Rowing,"Eric Murray, Hamish Bond",NZL,Men,eight with coxswain (8+),M,Gold
Rio,2016,Rowing,Rowing,"Lawrence Brittain, Shaun Keeling",RSA,Men,eight with coxswain (8+),M,Silver
Rio,2016,Rowing,Rowing,"Giovanni Abagnale, Marco DI COSTANZO",ITA,Men,eight with coxswain (8+),M,Bronze
Rio,2016,Rowing,Rowing,Team Great Britain & N. Ireland,GBR,Men,eight with coxswain (8+),M,Gold
Rio,2016,Rowing,Rowing,Team Germany,GDR,Men,eight with coxswain (8+),M,Silver
Rio,2016,Rowing,Rowing,Team Netherlands,NED,Men,eight with coxswain (8+),M,Bronze
Rio,2016,Rowing,Rowing,"Ilse Paulis, Maaike Head",NED,Women,eight with coxswain (8+),W,Gold
Rio,2016,Rowing,Rowing,"Lindsay Jennerich, Patricia Obee",CAN,Women,eight with coxswain (8+),W,Silver
Rio,2016,Rowing,Rowing,"Wenyi Huang, Feihong Pan",CHN,Women,eight with coxswain (8+),W,Bronze
Rio,2016,Rowing,Rowing,Kimberley Brennan,AUS,Women,eight with coxswain (8+),W,Gold
Rio,2016,Rowing,Rowing,Genevra Stone,USA,Women,eight with coxswain (8+),W,Silver
Rio,2016,Rowing,Rowing,Jingli Duan,CHN,Women,eight with coxswain (8+),W,Bronze
Rio,2016,Rowing,Rowing,"Magdalena Fularczyk-Kozlowska, Natalia Madaj",POL,Women,eight with coxswain (8+),W,Gold
Rio,2016,Rowing,Rowing,"Victoria Thornley, Katherine Grainger",GBR,Women,eight with coxswain (8+),W,Silver
Rio,2016,Rowing,Rowing,"Donata Vistartaite, Milda Valciukaite",LTU,Women,eight with coxswain (8+),W,Bronze
Rio,2016,Rowing,Rowing,Team Germany,GDR,Women,eight with coxswain (8+),W,Gold
Rio,2016,Rowing,Rowing,Team Netherlands,NED,Women,eight with coxswain (8+),W,Silver
Rio,2016,Rowing,Rowing,Team Poland,POL,Women,eight with coxswain (8+),W,Bronze
Rio,2016,Rowing,Rowing,"Helen Glover, Heather Stanning",GBR,Women,eight with coxswain (8+),W,Gold
Rio,2016,Rowing,Rowing,"Genevieve Behrent, Rebecca Scown",NZL,Women,eight with coxswain (8+),W,Silver
Rio,2016,Rowing,Rowing,"Hedvig Rasmussen, Anne Andersen",DEN,Women,eight with coxswain (8+),W,Bronze
Rio,2016,Rowing,Rowing,Team United States,USA,Women,eight with coxswain (8+),W,Gold
Rio,2016,Rowing,Rowing,Team Great Britain & N. Ireland,GBR,Women,eight with coxswain (8+),W,Silver
Rio,2016,Rowing,Rowing,Team Romania,ROU,Women,eight with coxswain (8+),W,Bronze
Rio,2016,Rugby,Rugby,Team Fiji,FIJ,Men,rugby,M,Gold
Rio,2016,Rugby,Rugby,Team Great Britain & N. Ireland,GBR,Men,rugby,M,Silver
Rio,2016,Rugby,Rugby,Team South Africa,RSA,Men,rugby,M,Bronze
Rio,2016,Rugby,Rugby,Team Australia,AUS,Women,rugby,W,Gold
Rio,2016,Rugby,Rugby,Team New Zealand,NZL,Women,rugby,W,Silver
Rio,2016,Rugby,Rugby,Team Canada,CAN,Women,rugby,W,Bronze
Rio,2016,Sailing,Sailing,Dorian van Rijsselberghe,NED,Men,0.5-1t,M,Gold
Rio,2016,Sailing,Sailing,"DEMPSEY, Nick",GBR,Men,0.5-1t,M,Silver
Rio,2016,Sailing,Sailing,Pierre le Coq,FRA,Men,0.5-1t,M,Bronze
Rio,2016,Sailing,Sailing,Charline Picon,FRA,Women,0.5-1t,W,Gold
Rio,2016,Sailing,Sailing,Peina Chen,CHN,Women,0.5-1t,W,Silver
Rio,2016,Sailing,Sailing,Stefaniya Elfutina,SRB,Women,0.5-1t,W,Bronze
Rio,2016,Shooting,Shooting,Xuan Vinh Hoang,VIE,Men,25m army pistol,M,Gold
Rio,2016,Shooting,Shooting,Felipe Almeida Wu,BRA,Men,25m army pistol,M,Silver
Rio,2016,Shooting,Shooting,"PANG, Wei",CHN,Men,25m army pistol,M,Bronze
Rio,2016,Shooting,Shooting,Niccolo Campriani,ITA,Men,25m army pistol,M,Gold
Rio,2016,Shooting,Shooting,Serhiy Kulish,UKR,Men,25m army pistol,M,Silver
Rio,2016,Shooting,Shooting,Vladimir Maslennikov,SRB,Men,25m army pistol,M,Bronze
Rio,2016,Shooting,Shooting,Josip Glasnovic,CRO,Men,25m army pistol,M,Gold
Rio,2016,Shooting,Shooting,"PELLIELO, Giovanni",ITA,Men,25m army pistol,M,Silver
Rio,2016,Shooting,Shooting,Edward Ling,GBR,Men,25m army pistol,M,Bronze
Rio,2016,Shooting,Shooting,Fehaid Aldeehani,IOP,Men,25m army pistol,M,Gold
Rio,2016,Shooting,Shooting,Marco Innocenti,ITA,Men,25m army pistol,M,Silver
Rio,2016,Shooting,Shooting,Steven Scott,GBR,Men,25m army pistol,M,Bronze
Rio,2016,Shooting,Shooting,"JIN, Jongoh",KOR,Men,25m army pistol,M,Gold
Rio,2016,Shooting,Shooting,Xuan Vinh Hoang,VIE,Men,25m army pistol,M,Silver
Rio,2016,Shooting,Shooting,"KIM, Song Guk",PRK,Men,25m army pistol,M,Bronze
Rio,2016,Shooting,Shooting,Henri Junghaenel,GDR,Men,25m army pistol,M,Gold
Rio,2016,Shooting,Shooting,Jonghyun Kim,KOR,Men,25m army pistol,M,Silver
Rio,2016,Shooting,Shooting,Kirill Grigoryan,SRB,Men,25m army pistol,M,Bronze
Rio,2016,Shooting,Shooting,Gabriele Rossetti,ITA,Men,25m army pistol,M,Gold
Rio,2016,Shooting,Shooting,Marcus Svensson,SWE,Men,25m army pistol,M,Silver
Rio,2016,Shooting,Shooting,Abdullah Alrashidi,IOP,Men,25m army pistol,M,Bronze
Rio,2016,Shooting,Shooting,Christian Reitz,GDR,Men,25m army pistol,M,Gold
Rio,2016,Shooting,Shooting,Jean Quiquampoix,FRA,Men,25m army pistol,M,Silver
Rio,2016,Shooting,Shooting,Yuehong Li,CHN,Men,25m army pistol,M,Bronze
Rio,2016,Shooting,Shooting,Niccolo Campriani,ITA,Men,25m army pistol,M,Gold
Rio,2016,Shooting,Shooting,Sergey Kamenskiy,SRB,Men,25m army pistol,M,Silver
Rio,2016,Shooting,Shooting,Alexis Raynaud,FRA,Men,25m army pistol,M,Bronze
Rio,2016,Shooting,Shooting,Mengxue Zhang,CHN,Women,25m army pistol,W,Gold
Rio,2016,Shooting,Shooting,Vitalina Batsarashkina,SRB,Women,25m army pistol,W,Silver
Rio,2016,Shooting,Shooting,Anna Korakaki,GRE,Women,25m army pistol,W,Bronze
Rio,2016,Shooting,Shooting,Virginia Thrasher,USA,Women,25m army pistol,W,Gold
Rio,2016,Shooting,Shooting,Li Du,CHN,Women,25m army pistol,W,Silver
Rio,2016,Shooting,Shooting,Siling Yi,CHN,Women,25m army pistol,W,Bronze
Rio,2016,Shooting,Shooting,Catherine Skinner,AUS,Women,25m army pistol,W,Gold
Rio,2016,Shooting,Shooting,Natalie Rooney,NZL,Women,25m army pistol,W,Silver
Rio,2016,Shooting,Shooting,"COGDELL, Corey",USA,Women,25m army pistol,W,Bronze
Rio,2016,Shooting,Shooting,Anna Korakaki,GRE,Women,25m army pistol,W,Gold
Rio,2016,Shooting,Shooting,Monika Karsch,GDR,Women,25m army pistol,W,Silver
Rio,2016,Shooting,Shooting,Heidi Diethelm Gerber,SUI,Women,25m army pistol,W,Bronze
Rio,2016,Shooting,Shooting,Barbara Engleder,GDR,Women,25m army pistol,W,Gold
Rio,2016,Shooting,Shooting,Binbin Zhang,CHN,Women,25m army pistol,W,Silver
Rio,2016,Shooting,Shooting,Li Du,CHN,Women,25m army pistol,W,Bronze
Rio,2016,Shooting,Shooting,Diana Bacosi,ITA,Women,25m army pistol,W,Gold
Rio,2016,Shooting,Shooting,"CAINERO, Chiara",ITA,Women,25m army pistol,W,Silver
Rio,2016,Shooting,Shooting,"RHODE, Kimberly",USA,Women,25m army pistol,W,Bronze
Rio,2016,Aquatics,Swimming,Ryan Murphy,USA,Men,100m freestyle,M,Gold
Rio,2016,Aquatics,Swimming,Jiayu Xu,CHN,Men,100m freestyle,M,Silver
Rio,2016,Aquatics,Swimming,David Plummer,USA,Men,100m freestyle,M,Bronze
Rio,2016,Aquatics,Swimming,Ryan Murphy,USA,Men,100m freestyle,M,Gold
Rio,2016,Aquatics,Swimming,Mitchell Larkin,AUS,Men,100m freestyle,M,Silver
Rio,2016,Aquatics,Swimming,Evgeny Rylov,SRB,Men,100m freestyle,M,Bronze
Rio,2016,Aquatics,Swimming,Katinka Hosszu,HUN,Women,100m freestyle,W,Gold
Rio,2016,Aquatics,Swimming,Kathleen Baker,USA,Women,100m freestyle,W,Silver
Rio,2016,Aquatics,Swimming,Kylie Masse,CAN,Women,100m freestyle,W,Bronze
Rio,2016,Aquatics,Swimming,Yuanhui Fu,CHN,Women,100m freestyle,W,Bronze
Rio,2016,Aquatics,Swimming,Madeline Dirado,USA,Women,100m freestyle,W,Gold
Rio,2016,Aquatics,Swimming,Katinka Hosszu,HUN,Women,100m freestyle,W,Silver
Rio,2016,Aquatics,Swimming,Hilary Caldwell,CAN,Women,100m freestyle,W,Bronze
Rio,2016,Aquatics,Swimming,Adam Peaty,GBR,Men,100m freestyle,M,Gold
Rio,2016,Aquatics,Swimming,Cameron van der Burgh,RSA,Men,100m freestyle,M,Silver
Rio,2016,Aquatics,Swimming,Cody Miller,USA,Men,100m freestyle,M,Bronze
Rio,2016,Aquatics,Swimming,Dmitriy Balandin,KAZ,Men,100m freestyle,M,Gold
Rio,2016,Aquatics,Swimming,Josh Prenot,USA,Men,100m freestyle,M,Silver
Rio,2016,Aquatics,Swimming,Anton Chupkov,SRB,Men,100m freestyle,M,Bronze
Rio,2016,Aquatics,Swimming,Lillia King,USA,Women,100m freestyle,W,Gold
Rio,2016,Aquatics,Swimming,Yulia Efimova,SRB,Women,100m freestyle,W,Silver
Rio,2016,Aquatics,Swimming,Catherine Meili,USA,Women,100m freestyle,W,Bronze
Rio,2016,Aquatics,Swimming,Rie Kaneto,JPN,Women,100m freestyle,W,Gold
Rio,2016,Aquatics,Swimming,Yulia Efimova,SRB,Women,100m freestyle,W,Silver
Rio,2016,Aquatics,Swimming,Jinglin Shi,CHN,Women,100m freestyle,W,Bronze
Rio,2016,Aquatics,Swimming,Joseph Schooling,SIN,Men,100m freestyle,M,Gold
Rio,2016,Aquatics,Swimming,"PHELPS, Michael",USA,Men,100m freestyle,M,Silver
Rio,2016,Aquatics,Swimming,Chad Guy Bertrand le Clos,RSA,Men,100m freestyle,M,Silver
Rio,2016,Aquatics,Swimming,"CSEH, Laszlo",HUN,Men,100m freestyle,M,Silver
Rio,2016,Aquatics,Swimming,"PHELPS, Michael",USA,Men,100m freestyle,M,Gold
Rio,2016,Aquatics,Swimming,Masato Sakai,JPN,Men,100m freestyle,M,Silver
Rio,2016,Aquatics,Swimming,Tamas Kenderesi,HUN,Men,100m freestyle,M,Bronze
Rio,2016,Aquatics,Swimming,Sarah Sjostrom,SWE,Women,100m freestyle,W,Gold
Rio,2016,Aquatics,Swimming,Penny Oleksiak,CAN,Women,100m freestyle,W,Silver
Rio,2016,Aquatics,Swimming,"VOLLMER, Dana",USA,Women,100m freestyle,W,Bronze
Rio,2016,Aquatics,Swimming,Mireia Belmonte Garcia,ESP,Women,100m freestyle,W,Gold
Rio,2016,Aquatics,Swimming,Madeline Groves,AUS,Women,100m freestyle,W,Silver
Rio,2016,Aquatics,Swimming,Natsumi Hoshi,JPN,Women,100m freestyle,W,Bronze
Rio,2016,Aquatics,Swimming,"ERVIN, Anthony",USA,Men,100m freestyle,M,Gold
Rio,2016,Aquatics,Swimming,Florent Manaudou,FRA,Men,100m freestyle,M,Silver
Rio,2016,Aquatics,Swimming,"ADRIAN, Nathan",USA,Men,100m freestyle,M,Bronze
Rio,2016,Aquatics,Swimming,Kyle Chalmers,AUS,Men,100m freestyle,M,Gold
Rio,2016,Aquatics,Swimming,Pieter Timmers,BEL,Men,100m freestyle,M,Silver
Rio,2016,Aquatics,Swimming,"ADRIAN, Nathan",USA,Men,100m freestyle,M,Bronze
Rio,2016,Aquatics,Swimming,Yang Sun,CHN,Men,100m freestyle,M,Gold
Rio,2016,Aquatics,Swimming,Chad Guy Bertrand le Clos,RSA,Men,100m freestyle,M,Silver
Rio,2016,Aquatics,Swimming,Conor Dwyer,USA,Men,100m freestyle,M,Bronze
Rio,2016,Aquatics,Swimming,Mack Horton,AUS,Men,100m freestyle,M,Gold
Rio,2016,Aquatics,Swimming,Yang Sun,CHN,Men,100m freestyle,M,Silver
Rio,2016,Aquatics,Swimming,Gabriele Detti,ITA,Men,100m freestyle,M,Bronze
Rio,2016,Aquatics,Swimming,Gregorio Paltrinieri,ITA,Men,100m freestyle,M,Gold
Rio,2016,Aquatics,Swimming,Connor Jaeger,USA,Men,100m freestyle,M,Silver
Rio,2016,Aquatics,Swimming,Gabriele Detti,ITA,Men,100m freestyle,M,Bronze
Rio,2016,Aquatics,Swimming,Pernille Blume,DEN,Women,100m freestyle,W,Gold
Rio,2016,Aquatics,Swimming,Simone Manuel,USA,Women,100m freestyle,W,Silver
Rio,2016,Aquatics,Swimming,Aliaksandra Herasimenia,BLR,Women,100m freestyle,W,Bronze
Rio,2016,Aquatics,Swimming,Simone Manuel,USA,Women,100m freestyle,W,Gold
Rio,2016,Aquatics,Swimming,Penny Oleksiak,CAN,Women,100m freestyle,W,Gold
Rio,2016,Aquatics,Swimming,Sarah Sjostrom,SWE,Women,100m freestyle,W,Bronze
Rio,2016,Aquatics,Swimming,Kathleen Ledecky,USA,Women,100m freestyle,W,Gold
Rio,2016,Aquatics,Swimming,Sarah Sjostrom,SWE,Women,100m freestyle,W,Silver
Rio,2016,Aquatics,Swimming,Emma McKeon,AUS,Women,100m freestyle,W,Bronze
Rio,2016,Aquatics,Swimming,Kathleen Ledecky,USA,Women,100m freestyle,W,Gold
Rio,2016,Aquatics,Swimming,Jazz Carlin,GBR,Women,100m freestyle,W,Silver
Rio,2016,Aquatics,Swimming,Leah Smith,USA,Women,100m freestyle,W,Bronze
Rio,2016,Aquatics,Swimming,Kathleen Ledecky,USA,Women,100m freestyle,W,Gold
Rio,2016,Aquatics,Swimming,Jazz Carlin,GBR,Women,100m freestyle,W,Silver
Rio,2016,Aquatics,Swimming,Boglarka Kapas,HUN,Women,100m freestyle,W,Bronze
Rio,2016,Aquatics,Swimming,Team United States,USA,Men,100m freestyle,M,Gold
Rio,2016,Aquatics,Swimming,Team France,FRA,Men,100m freestyle,M,Silver
Rio,2016,Aquatics,Swimming,Team Australia,AUS,Men,100m freestyle,M,Bronze
Rio,2016,Aquatics,Swimming,Team United States,USA,Men,100m freestyle,M,Gold
Rio,2016,Aquatics,Swimming,Team Great Britain & N. Ireland,GBR,Men,100m freestyle,M,Silver
Rio,2016,Aquatics,Swimming,Team Japan,JPN,Men,100m freestyle,M,Bronze
Rio,2016,Aquatics,Swimming,Team United States,USA,Men,100m freestyle,M,Gold
Rio,2016,Aquatics,Swimming,Team Great Britain & N. Ireland,GBR,Men,100m freestyle,M,Silver
Rio,2016,Aquatics,Swimming,Team Australia,AUS,Men,100m freestyle,M,Bronze
Rio,2016,Aquatics,Swimming,Team Australia,AUS,Women,100m freestyle,W,Gold
Rio,2016,Aquatics,Swimming,Team United States,USA,Women,100m freestyle,W,Silver
Rio,2016,Aquatics,Swimming,Team Canada,CAN,Women,100m freestyle,W,Bronze
Rio,2016,Aquatics,Swimming,Team United States,USA,Women,100m freestyle,W,Gold
Rio,2016,Aquatics,Swimming,Team Australia,AUS,Women,100m freestyle,W,Silver
Rio,2016,Aquatics,Swimming,Team Canada,CAN,Women,100m freestyle,W,Bronze
Rio,2016,Aquatics,Swimming,"PHELPS, Michael",USA,Men,100m freestyle,M,Gold
Rio,2016,Aquatics,Swimming,Kosuke Hagino,JPN,Men,100m freestyle,M,Silver
Rio,2016,Aquatics,Swimming,Shun Wang,CHN,Men,100m freestyle,M,Bronze
Rio,2016,Aquatics,Swimming,Kosuke Hagino,JPN,Men,100m freestyle,M,Gold
Rio,2016,Aquatics,Swimming,Chase Kalisz,USA,Men,100m freestyle,M,Silver
Rio,2016,Aquatics,Swimming,Daiya Seto,JPN,Men,100m freestyle,M,Bronze
Rio,2016,Aquatics,Swimming,Katinka Hosszu,HUN,Women,100m freestyle,W,Gold
Rio,2016,Aquatics,Swimming,Siobhan-Marie O'Connor,GBR,Women,100m freestyle,W,Silver
Rio,2016,Aquatics,Swimming,Madeline Dirado,USA,Women,100m freestyle,W,Bronze
Rio,2016,Aquatics,Swimming,Katinka Hosszu,HUN,Women,100m freestyle,W,Gold
Rio,2016,Aquatics,Swimming,Madeline Dirado,USA,Women,100m freestyle,W,Silver
Rio,2016,Aquatics,Swimming,Mireia Belmonte Garcia,ESP,Women,100m freestyle,W,Bronze
Rio,2016,Aquatics,Swimming,Sharon van rouwendaal,NED,Women,100m freestyle,W,Gold
Rio,2016,Aquatics,Swimming,Rachele Bruni,ITA,Women,100m freestyle,W,Silver
Rio,2016,Aquatics,Swimming,Poliana Okimoto,BRA,Women,100m freestyle,W,Bronze
Rio,2016,Table Tennis,Table Tennis,Long Ma,CHN,Men,doubles,M,Gold
Rio,2016,Table Tennis,Table Tennis,Jike Zhang,CHN,Men,doubles,M,Silver
Rio,2016,Table Tennis,Table Tennis,Jun Mizutani,JPN,Men,doubles,M,Bronze
Rio,2016,Table Tennis,Table Tennis,Ning Ding,CHN,Women,doubles,W,Gold
Rio,2016,Table Tennis,Table Tennis,Xiaoxia Li,CHN,Women,doubles,W,Silver
Rio,2016,Table Tennis,Table Tennis,Song I Kim,PRK,Women,doubles,W,Bronze
Rio,2016,Tennis,Tennis,Andy Murray,GBR,Men,doubles,M,Gold
Rio,2016,Tennis,Tennis,Juan Martin Del Potro,ARG,Men,doubles,M,Silver
Rio,2016,Tennis,Tennis,Kei Nishikori,JPN,Men,doubles,M,Bronze
Rio,2016,Tennis,Tennis,Monica Puig,PUR,Women,doubles,W,Gold
Rio,2016,Tennis,Tennis,Angelique Kerber,GDR,Women,doubles,W,Silver
Rio,2016,Tennis,Tennis,Petra Kvitova,CZE,Women,doubles,W,Bronze
Rio,2016,Tennis,Tennis,"Marc Lopez, Rafael Nadal",ESP,Men,doubles,M,Gold
Rio,2016,Tennis,Tennis,"Florin Mergea, Horia Tecau",ROU,Men,doubles,M,Silver
Rio,2016,Tennis,Tennis,"Steve Johnson, Jack Sock",USA,Men,doubles,M,Bronze
Rio,2016,Tennis,Tennis,"Ekaterina Makarova, Elena Vesnina",SRB,Women,doubles,W,Gold
Rio,2016,Tennis,Tennis,"Timea Bacsinszky, Martina Hingis",SUI,Women,doubles,W,Silver
Rio,2016,Tennis,Tennis,"Lucie Safarova, Barbora Strycova",CZE,Women,doubles,W,Bronze
Rio,2016,Tennis,Tennis,"Bethanie Mattek-Sands, Jack Sock",USA,Unknown,doubles,X,Gold
Rio,2016,Tennis,Tennis,"Venus Williams, Rajeev Ram",USA,Unknown,doubles,X,Silver
Rio,2016,Tennis,Tennis,"Lucie Hradecka, Radek Stepanek",CZE,Unknown,doubles,X,Bronze
Rio,2016,Weightlifting,Weightlifting,"LONG, Qingquan",CHN,Men,heavyweight - one hand lift,M,Gold
Rio,2016,Weightlifting,Weightlifting,Yun Chol Om,PRK,Men,heavyweight - one hand lift,M,Silver
Rio,2016,Weightlifting,Weightlifting,Sinphet Kruaithong,THA,Men,heavyweight - one hand lift,M,Bronze
Rio,2016,Weightlifting,Weightlifting,Oscar Albeiro Figueroa Mosquera,COL,Men,heavyweight - one hand lift,M,Gold
Rio,2016,Weightlifting,Weightlifting,"IRAWAN, Eko Yuli",INA,Men,heavyweight - one hand lift,M,Silver
Rio,2016,Weightlifting,Weightlifting,Farkhad Kharki,KAZ,Men,heavyweight - one hand lift,M,Bronze
Rio,2016,Weightlifting,Weightlifting,"SHI, Zhiyong",CHN,Men,heavyweight - one hand lift,M,Gold
Rio,2016,Weightlifting,Weightlifting,Daniyar Ismayilov,TUR,Men,heavyweight - one hand lift,M,Silver
Rio,2016,Weightlifting,Weightlifting,Izzat Artykov,KGZ,Men,heavyweight - one hand lift,M,Bronze
Rio,2016,Weightlifting,Weightlifting,Nijat Rahimov,KAZ,Men,heavyweight - one hand lift,M,Gold
Rio,2016,Weightlifting,Weightlifting,Xiaojun Lyu,CHN,Men,heavyweight - one hand lift,M,Silver
Rio,2016,Weightlifting,Weightlifting,Mohamed Mahmoud,EGY,Men,heavyweight - one hand lift,M,Bronze
Rio,2016,Weightlifting,Weightlifting,Kianoush Rostami,IRI,Men,heavyweight - one hand lift,M,Gold
Rio,2016,Weightlifting,Weightlifting,Tao Tian,CHN,Men,heavyweight - one hand lift,M,Silver
Rio,2016,Weightlifting,Weightlifting,Gabriel Sincraian,ROU,Men,heavyweight - one hand lift,M,Bronze
Rio,2016,Weightlifting,Weightlifting,Sohrab Moradi,IRI,Men,heavyweight - one hand lift,M,Gold
Rio,2016,Weightlifting,Weightlifting,Vadzim Straltsou,BLR,Men,heavyweight - one hand lift,M,Silver
Rio,2016,Weightlifting,Weightlifting,Aurimas Didzbalis,LTU,Men,heavyweight - one hand lift,M,Bronze
Rio,2016,Weightlifting,Weightlifting,Ruslan Nurudinov,UZB,Men,heavyweight - one hand lift,M,Gold
Rio,2016,Weightlifting,Weightlifting,Simon Martirosyan,ARM,Men,heavyweight - one hand lift,M,Silver
Rio,2016,Weightlifting,Weightlifting,Alexandr Zaichikov,KAZ,Men,heavyweight - one hand lift,M,Bronze
Rio,2016,Weightlifting,Weightlifting,Sopita Tanasan,THA,Women,heavyweight - one hand lift,W,Gold
Rio,2016,Weightlifting,Weightlifting,Sri Wahyuni Agustiani,INA,Women,heavyweight - one hand lift,W,Silver
Rio,2016,Weightlifting,Weightlifting,Hiromi Miyake,JPN,Women,heavyweight - one hand lift,W,Bronze
Rio,2016,Weightlifting,Weightlifting,Shu-Ching Hsu,TPE,Women,heavyweight - one hand lift,W,Gold
Rio,2016,Weightlifting,Weightlifting,Hidilyn Diaz,PHI,Women,heavyweight - one hand lift,W,Silver
Rio,2016,Weightlifting,Weightlifting,Jin Hee Yoon,KOR,Women,heavyweight - one hand lift,W,Bronze
Rio,2016,Weightlifting,Weightlifting,Sukanya Srisurat,THA,Women,heavyweight - one hand lift,W,Gold
Rio,2016,Weightlifting,Weightlifting,Pimsiri Sirikaew,THA,Women,heavyweight - one hand lift,W,Silver
Rio,2016,Weightlifting,Weightlifting,Hsing-Chun Kuo,TPE,Women,heavyweight - one hand lift,W,Bronze
Rio,2016,Weightlifting,Weightlifting,Wei Deng,CHN,Women,heavyweight - one hand lift,W,Gold
Rio,2016,Weightlifting,Weightlifting,Hyo Sim Choe,PRK,Women,heavyweight - one hand lift,W,Silver
Rio,2016,Weightlifting,Weightlifting,Karina Goricheva,KAZ,Women,heavyweight - one hand lift,W,Bronze
Rio,2016,Weightlifting,Weightlifting,Yanmei Xiang,CHN,Women,heavyweight - one hand lift,W,Gold
Rio,2016,Weightlifting,Weightlifting,Zhazira Zhapparkul,KAZ,Women,heavyweight - one hand lift,W,Silver
Rio,2016,Weightlifting,Weightlifting,Sara Ahmed,EGY,Women,heavyweight - one hand lift,W,Bronze
Rio,2016,Weightlifting,Weightlifting,Jong Sim Rim,PRK,Women,heavyweight - one hand lift,W,Gold
Rio,2016,Weightlifting,Weightlifting,Darya Naumava,BLR,Women,heavyweight - one hand lift,W,Silver
Rio,2016,Weightlifting,Weightlifting,Lidia Valentin Perez,ESP,Women,heavyweight - one hand lift,W,Bronze
Rio,2016,Weightlifting,Weightlifting,Suping Meng,CHN,Women,heavyweight - one hand lift,W,Gold
Rio,2016,Weightlifting,Weightlifting,Kuk Hyang Kim,PRK,Women,heavyweight - one hand lift,W,Silver
Rio,2016,Weightlifting,Weightlifting,Sarah Elizabeth Robles,USA,Women,heavyweight - one hand lift,W,Bronze
Rio,2016,Wrestling,Wrestling Gre-R,Ismael Borrero Molina,CUB,Men,open event,M,Gold
Rio,2016,Wrestling,Wrestling Gre-R,Shinobu Ota,JPN,Men,open event,M,Silver
Rio,2016,Wrestling,Wrestling Gre-R,Elmurat Tasmuradov,UZB,Men,open event,M,Bronze
Rio,2016,Wrestling,Wrestling Gre-R,Stig-Andre Berge,NOR,Men,open event,M,Bronze
Rio,2016,Wrestling,Wrestling Gre-R,Roman Vlasov,SRB,Men,open event,M,Gold
Rio,2016,Wrestling,Wrestling Gre-R,Mark Overgaard Madsen,DEN,Men,open event,M,Silver
Rio,2016,Wrestling,Wrestling Gre-R,Hyeonwoo Kim,KOR,Men,open event,M,Bronze
Rio,2016,Wrestling,Wrestling Gre-R,Saeid Morad Abdvali,IRI,Men,open event,M,Bronze
Rio,2016,Wrestling,Wrestling Gre-R,Davit Chakvetadze,SRB,Men,open event,M,Gold
Rio,2016,Wrestling,Wrestling Gre-R,Zhan Beleniuk,UKR,Men,open event,M,Silver
Rio,2016,Wrestling,Wrestling Gre-R,Javid Hamzatau,BLR,Men,open event,M,Bronze
Rio,2016,Wrestling,Wrestling Gre-R,Denis Maksymilian Kudla,GDR,Men,open event,M,Bronze
Rio,2016,Wrestling,Wrestling Gre-R,Mijain Lopez Nunez,CUB,Men,open event,M,Gold
Rio,2016,Wrestling,Wrestling Gre-R,Riza Kayaalp,TUR,Men,open event,M,Silver
Rio,2016,Wrestling,Wrestling Gre-R,Sabah Shariati,AZE,Men,open event,M,Bronze
Rio,2016,Wrestling,Wrestling Gre-R,Sergey Semenov,SRB,Men,open event,M,Bronze
